R0,TE,TP,TI1,TI2,nuA,ns,p_home_weekend,alphaTH,etaTH,alphaEP,alphaI1D,alphaHD,alphaI1H,eta,repeats,lock_1_restrict,lock_2_release,output
3.6199409792199733,0.8965843112706205,2.012113846924156,4.25621123814769,0.08660611325165397,0.9108957473700866,43.2240546033252,0.03887665752787143,0.7898452875657516,0.02628018303975569,-2.787419081967588,-19.90560818564872,-2.4137133171672165,-1.9780094629507077,0.019828607898893163,10,1,1,Ens0000
2.2569011900690383,1.0013585552447475,3.3470034434087577,4.017073474375065,0.04740411775034108,0.13505592016503215,22.108349808491766,0.6350796417985112,0.5347930251173423,0.03323680559654231,-3.1514881987099916,-19.552210641948918,-3.5240978872170343,-2.000955661247885,0.0232352124547259,10,1,1,Ens0001
4.471906217746437,0.6865335483001545,1.2752933588549493,3.8744072742220013,0.24169036986047215,0.48421456846408545,87.49680875875056,0.6006996650993824,-0.1548150553621569,0.035274323610149996,-3.562880823277573,-14.480242783983433,-3.3692956683998174,-2.75667151756371,0.030740836964028524,10,1,1,Ens0002
2.019622640579473,0.6312029557866045,2.6185166221316902,3.931700251957867,0.4718940814630394,0.16370945173315704,65.94946980844252,0.251782695883885,-0.20698361841391077,0.06010413807650493,-2.1871338155846862,-7.78506206509901,-3.35899591161068,-3.0429345754101327,0.02285038502888597,10,1,1,Ens0003
2.646250729262829,1.6588381956778466,1.9692080192565917,4.34707242554659,0.20909564142540424,0.0831964120734483,51.00590662150643,0.749302534610033,-0.1946061351559118,0.04411861248330794,-3.9186441989732144,-11.809590782231622,-3.423265038989934,-2.771893647048189,0.03167488081445213,10,1,1,Ens0004
3.1010439243982546,0.8381586697567254,2.6723351964503523,4.389348357982468,0.15560898967623618,0.5982714075734838,95.57766951434314,0.9041483844351024,0.08084174763181567,0.04001030883058477,-2.26411442316468,-2.0340876220291757,-11.777196315337966,-1.6018908224833022,0.012541047234591355,10,1,1,Ens0005
3.491023799974937,0.9420883450461551,2.82143795771338,3.489666693710256,0.4568225907607535,0.9875108563387767,69.9919137968216,0.09130231689661741,0.5431808035651644,0.03188696681588235,-2.979568730881756,-6.057135470290275,-12.18084210161691,-4.514897585208801,0.03810175348601036,10,1,1,Ens0006
3.1622469224967062,1.1173582858601585,3.7017775777056814,3.315843191509135,0.43650986813420894,0.5134855767479166,45.32274830942042,0.9942475619865582,0.2859353814577224,0.04155857188783483,-2.8072651587075255,-5.284035245615917,-17.30311623175874,-3.2856713736343677,0.02630570685236702,10,1,1,Ens0007
3.3817913197097367,1.7030601332318038,3.8888016293495893,3.3537935999655164,0.06644460868660547,0.3307391579821706,97.23246632218361,0.2821797002898529,0.6757999223382487,0.02479303933126377,-2.5460797353270554,-12.199811414003905,-3.393988539695964,-2.752211626080939,0.023513818622141348,10,1,1,Ens0008
4.373849391390104,1.2019724631588906,3.146869164638221,2.8355518921110776,0.3939626637471355,0.4612932999711484,81.27854521526024,0.4159334099153057,0.7398751775390626,0.01415655966248304,-3.5444512679946483,-4.877367134331363,-14.655263502423974,-3.7404031034761416,0.035531548128979795,10,1,1,Ens0009
3.913130188791547,1.6065646752505565,2.339502522142604,3.224502263449598,0.2565737616771813,0.27427149530965833,90.73075275416487,0.9780272552324459,1.0067955331378453,0.021432880399679444,-4.322223610329541,-4.595642471970147,-3.138353618526952,-2.6795665754175806,0.030287461844309086,10,1,1,Ens000a
2.918456558382604,0.4660571080930531,2.440919083319604,2.831779732145369,0.17754192902073124,0.5763007465424016,28.9610151136294,0.8911074236501009,0.7413939030751886,0.033518547749745144,-3.595750400326356,-4.511303582909304,-13.373944660964563,-2.734287934334599,0.029210106854961636,10,1,1,Ens000b
4.232285553065594,0.5177106159850955,3.566063693841919,3.978802517042961,0.07189092046172359,0.8889268920291216,76.31607796535828,0.7234791252575815,1.1862192844789652,0.01789851993715895,-2.6295299123307743,-9.058929885355179,-4.567432679706876,-3.640459260546663,0.03139523441387403,10,1,1,Ens000c
3.5327988159726376,1.8482984899459407,2.0795988728720696,3.261650336567312,0.49932230361579266,0.34901792482472954,53.381851667771116,0.32291880005970597,0.9275498380005639,0.025206427394372923,-2.955600827400814,-10.21918346276351,-3.969436677345982,-3.906466334513797,0.031525727998088775,10,1,1,Ens000d
3.592690762330312,0.5185605398705229,1.6451596207041292,3.395482988773845,0.3512425512417541,0.032372158761136235,55.50924828597345,0.8108125203568488,0.9734488897517722,0.0217644028781752,-2.308123462127235,-4.885370979201894,-7.874561665689066,-3.20059468886873,0.025034701951149336,10,1,1,Ens000e
4.023437593120615,1.055607752688229,2.4179754886981097,4.274495337783824,0.05358788726462657,0.055351994428783656,79.23003937690518,0.3758256948366761,0.9283216532628451,0.022359330366391116,-3.691839041014315,-13.02000698153296,-2.3691687539325237,-2.127476728295388,0.023392946519460715,10,1,1,Ens000f
2.4374509141081946,1.238859855916351,3.0173105682302266,3.1863896176400592,0.11486496890931064,0.9551354839280247,68.92522362857126,0.9455736688477918,0.7079851409132476,0.028253369492153374,-1.3193512809598282,-15.845086914108098,-2.376905487149094,-2.4919208561710646,0.012733324282920323,10,1,1,Ens000g
3.3232382916263306,1.1540794352879749,1.2546479686275125,3.078163192865904,0.19260361899890052,0.7675827068416402,63.67738915639929,0.3443751213978976,0.6580191198229549,0.0276770233997096,-3.717415442939873,-3.5169238007689527,-7.301161002727616,-2.472350211457511,0.02722426327923488,10,1,1,Ens000h
4.146273527259472,1.9275226682559587,3.088428628830239,3.664879686177708,0.4004586200832315,0.11188042426481842,27.68966322899796,0.79461783177685,0.2251314699916974,0.0303879495874949,-2.1416458007075203,-7.32985524836503,-1.9373054562484735,-2.1569408609179312,0.018099392213241527,10,1,1,Ens000i
2.5393844449776224,1.4459531093901024,3.230184529410675,3.891213134556543,0.46874589550351353,0.791725342059508,92.11263954057358,0.6985559962550179,1.3068528093507683,0.015736653439944414,-2.9872403829012697,-12.978054973352906,-4.054924369156014,-4.167167840844475,0.03499875905800145,10,1,1,Ens000j
2.7995949044590818,0.15652923332247884,3.486509858205914,4.323944523294921,0.42441064914379273,0.06724724580068141,84.28551907744259,0.8281268005166202,0.9371288234855144,0.02263516024681928,-4.157636250081952,-15.586023713395418,-3.564096297386122,-2.9831858185030447,0.03419295782724269,10,1,1,Ens000k
3.683073775772937,0.9193103181989862,2.5660347073618324,4.212027547551784,0.44048884052148224,0.6015876810299232,11.635248843813315,0.7035478577297181,0.8580122817947288,0.0250624345787672,-2.4285720571036142,-3.3724777071589123,-5.722260449772507,-1.8697354199741756,0.015768036434163107,10,1,1,Ens000l
4.344292641174979,1.542972613374237,1.721153476819396,4.090636241272092,0.27296497452864704,0.24261957756243646,35.33453209609725,0.1572853067005053,0.17009880287925677,0.04168421698510384,-1.919334059548626,-12.981231468106456,-2.6721755308075332,-3.497695453037268,0.02200476225183197,10,1,1,Ens000m
4.085886708414183,1.644989611269906,3.6287416010722513,3.479848987331614,0.22287995393512955,0.8448350917175412,23.093368264148012,0.07107791642658412,1.4816868140381327,0.01435740740648795,-2.9089414899300357,-17.24140326999237,-2.0192988428562733,-1.7881149840174513,0.019059841645897423,10,1,1,Ens000n
3.7166217206511645,1.4683875511754305,2.8439279082790017,3.7128600319824177,0.10407291734304372,0.5509588269563391,48.352059855125844,0.5971057249745354,0.28643189540398506,0.031629411097876876,-1.586453049186001,-4.408041483161549,-9.980566945856616,-3.4612014199874337,0.02017701665996359,10,1,1,Ens000o
3.431334220105782,0.2187275473056361,1.6658808854855596,4.461396728048101,0.16839876499538917,0.39180653882678596,31.273715257178992,0.5748506137356162,0.02401475874010306,0.038994483764793045,-2.59891103062962,-3.437419872203022,-18.742825869839756,-2.5819109082730787,0.019793015013884606,10,1,1,Ens000p
2.1678721451899037,1.9936465809582733,2.2296310673188415,3.5734271772797217,0.18792345138245728,0.7085764754237607,32.36890949741937,0.27488613505847753,0.1759234695815165,0.040334119510451724,-4.291190273489963,-8.253837899053407,-4.444175330859958,-3.082352599570577,0.03653205097492678,10,1,1,Ens000q
3.794291966292076,0.5886084514046087,2.949951569279656,3.0704195836111903,0.2904719742148905,0.1497805892582983,24.866581960953773,0.12455842696595937,0.42066307014938353,0.03287663427002488,-1.6190482887680642,-10.568263884097853,-1.9521553263135207,-3.4185292320931886,0.018676533029756033,10,1,1,Ens000r
3.9570284351124427,0.20722267842292785,1.4399237740039825,3.5210795785542572,0.48195609647213666,0.7500162104843184,41.15467088376172,0.42173094232566655,0.9863989803519237,0.02037309537766601,-2.419653832307562,-5.6790376269703895,-3.3847298583086447,-2.6925285961647467,0.023668771637753317,10,1,1,Ens000s
4.188374242500867,1.3059165873439051,2.3133891810979694,3.0150309253782033,0.33660240300097033,0.9677355876751244,38.5591138028074,0.7609461945621296,1.4639664764740257,0.010853247042593765,-2.6510028444337865,-10.112208686763097,-2.8005981950983028,-2.2455938668035857,0.022122994226687714,10,1,1,Ens000t
2.8033941973699257,1.56703086035233,2.5042001277636734,3.1140344746219926,0.13845236734195565,0.018830047296360133,65.02115808981472,0.0569667470222339,0.25164978805186855,0.03422593730711269,-3.3944571079666215,-3.983453827140516,-18.399174808509112,-2.43281226299307,0.025943684397635412,10,1,1,Ens000u
2.093216875451617,0.4007019157721661,1.8866166345030069,3.7434795415336266,0.14657294287132797,0.8022520323144272,78.17071752222255,0.5102645454229787,0.23045363228319707,0.03797162332629233,-2.413282023436983,-2.326729659422096,-2.430536157815098,-2.65710596655496,0.020863799911166093,10,1,1,Ens000v
3.283680284942966,1.379819469648879,3.2051950902342794,4.492048201705795,0.21843555124055314,0.4244259150093421,71.29233062053099,0.009762956122867763,1.1730429002013198,0.022742684583423295,-3.006990462123985,-3.4951669627856816,-8.79664656914657,-1.9163998657351171,0.020000300751449134,10,1,1,Ens000w
4.4091705871629525,0.793391054152511,3.854092432901263,3.4398201330509037,0.12080512257239037,0.3087482629250735,19.01827494530007,0.8579817534936592,0.6761180585185461,0.027665899389804176,-2.290662639201022,-3.0265144933329546,-3.010406635387634,-2.6669250970269416,0.02238055511883976,10,1,1,Ens000x
2.879177591286134,1.7516705411733127,3.779342843402177,4.423953649526927,0.30121393324787216,0.699741427139379,34.547629644069815,0.5271520324749872,0.4317271216962894,0.03441754840889352,-3.562855860189441,-3.64336464787951,-16.299230076883468,-2.176523749947646,0.024727471642527983,10,1,1,Ens000y
3.0868136246106586,1.7962776215425693,2.1689439400434494,4.153804107094183,0.030416888599550815,0.8630532335024327,17.452212191047145,0.8678784932382405,1.064404448097413,0.02092983381735649,-2.69420342028115,-4.797224377711293,-14.861893584871797,-2.541348750715294,0.021148741301818937,10,1,1,Ens000z
2.242166277067736,0.638666527508758,1.5776065828446297,3.159551087848376,0.3824942372117722,0.4443807674292475,16.217277411744,0.44044841014780106,0.3459966645849322,0.041508181826327185,-2.3702632464244395,-3.612351342264345,-3.48966468890292,-3.6001529280331432,0.02654302693600539,10,1,1,Ens0010
3.0464734019711615,0.3096165013173595,2.7363772312626242,3.8171258279965254,0.26395322547434413,0.9386777100292966,15.233692223811522,0.3156430808873847,0.29069963791609965,0.03565452203679012,-2.8740697159352053,-3.304732413453578,-9.99260604007506,-1.6010045315258266,0.018148491584480713,10,1,1,Ens0011
2.1236766642308793,1.3393095853081904,2.891535687167197,2.869989277901128,0.3263965172453313,0.200503337434493,52.05831249789335,0.6655744792195037,0.5871931113043054,0.03445782106382037,-2.9242868172617364,-5.749060473715104,-4.937575743256579,-4.34853528140889,0.033330975252550396,10,1,1,Ens0012
2.4872191956965253,1.4274787441324444,1.5206210045590995,3.6486403317921794,0.31523534575900064,0.4193970915814862,93.42771772989072,0.16765034428332,0.756871803577444,0.021777898367484217,-1.9563335203641772,-5.058669134763333,-5.755424221392839,-3.5987800805563186,0.0237082312095333,10,1,1,Ens0013
3.8536773029947655,1.920715057440102,1.769887303167954,4.1674619361720975,0.34448481556700633,0.8278415363980457,74.73000494572334,0.5478856381680817,1.4280464737092076,0.014004929958085761,-2.169912836640897,-4.831971124045535,-11.43902044716652,-3.5460287770019114,0.025733288831877265,10,1,1,Ens0014
4.257233591820113,0.2546335368398577,2.105053351284936,2.95242151055485,0.09207962304583844,0.2880023937812075,60.70847234530375,0.49914885352365673,1.0968655327187697,0.020674600513789193,-2.1154405011463044,-7.650266769304209,-2.378277719241825,-3.0973294423693805,0.022128266996135192,10,1,1,Ens0015
2.375511642929632,0.7675773756327108,3.7325573798213156,2.98185126719065,0.2802248860988687,0.7360473950626328,86.78739838665352,0.19928059613797813,0.5878600255122021,0.027206522687409772,-3.395689446275627,-19.88084017344124,-2.7393175249852346,-3.1056764976309568,0.030777473169879496,10,1,1,Ens0016
2.743936242221389,1.8295399398119188,1.8691839860007167,2.9199955559284425,0.029116022989556192,0.5317203519539908,82.14733559484594,0.6579742375575006,0.3247678653491233,0.028057480546232513,-1.947764551102885,-3.1832535063705523,-17.75306978461674,-1.4462405733148984,0.010775553263896155,10,1,1,Ens0017
3.2391622892930174,0.4051141797997989,3.978925872294232,3.8276768335932863,0.23419443219396005,0.2341778271505609,57.7671518754214,0.4618824416399002,-1.0687074137537764,0.05714975976858438,-2.7109710708270427,-5.977974127019023,-4.290093375090191,-3.5988049571816103,0.03100333973719308,10,1,1,Ens0018
2.3348392409388907,1.0420432637697086,1.3264635870195924,4.054775270642713,0.3751898550439319,0.6548931321036071,59.9293944648467,0.9313383354479448,0.5449830048421443,0.03318651019188537,-1.4473930929388075,-12.508031089248353,-1.7506011900602934,-2.152343008709683,0.011483158731722216,10,1,1,Ens0019
2.6953955477220006,0.1034003313719295,3.414123346954584,3.302902146334294,0.0033138255198155533,0.6606542814755813,46.428605356859045,0.38431001457385716,0.24039408951322508,0.039649292627110665,-2.733758482568143,-13.284058953780947,-3.2753369657213276,-3.734319977063311,0.028635869789584146,10,1,1,Ens001a
2.9942228053812867,0.7410017730412073,1.3998064650259912,3.595012693077326,0.0125809295866834,0.18829317602794618,39.33020128034987,0.20166177128907292,0.6116475898259435,0.019691208366368174,-3.1060857176206973,-12.358585655242555,-4.7492961118754815,-3.55698645067537,0.03380541590335724,10,1,1,Ens001b
2.5553248491720297,1.2509486640268006,3.515740539940074,3.7802130620735697,0.4193501857182146,0.3698933019116521,11.893969535734504,0.10687930276617408,-0.2348369590264502,0.041496352665890975,-1.7812949314164266,-15.336076398123222,-1.9656329361639642,-2.2386449773567323,0.013665077430709516,10,1,1,Ens001c
3.839971954666544,0.35600565121881667,3.31204724955,4.109097607127856,0.3628855523337848,0.6240995345590636,99.13021436664276,0.23271127285435797,0.0835900929380397,0.0441245551546245,-2.759097186163483,-4.327655652225764,-5.95084707047792,-2.639187213418042,0.023092475325006686,10,1,1,Ens001d
4.051696875044144,1.2988308008378373,3.033422430625185,4.366144125477318,0.38572208078388637,0.24565259174257517,84.07678915322758,0.7247308816323057,0.10259506040822158,0.047753581849917036,-3.2317490492721337,-2.9543891905867055,-7.846508503646311,-1.9228577869600971,0.021214232096774307,1,1,1,Ens001e
2.9823448857245967,0.5732506522028706,2.5510366249829532,4.494525229864101,0.347418383934712,0.392170587184839,25.863189803222195,0.0506833075331524,1.6439084806541215,0.011919881262062733,-3.524546871547267,-11.27396090284794,-3.803453527339762,-3.2711465690465538,0.031448648995473664,1,1,1,Ens001f
3.5033155708457344,0.23968098724614828,2.9024930097769945,3.027493840394821,0.1521861977728647,0.9337916433112696,86.199001120748,0.5365812438009308,0.29159406400251664,0.037549983219771974,-2.4586253054977045,-3.5272283717571367,-15.68499811441939,-2.6178483923754086,0.0196046219689646,1,1,1,Ens001g
4.178389707624447,1.2229013214138336,3.2499257041700185,3.38065159224635,0.03402500341323381,0.23836938190832732,37.068864767625925,0.023862922421656548,1.5381756317326813,0.011308247798174723,-2.794863918646011,-6.722707988693502,-4.5193530384733895,-3.7953120390810673,0.03307530558483758,1,1,1,Ens001h
2.5281031953240745,1.521997412141133,1.5615421105790883,4.028972626613639,0.10823523577120045,0.9828974694805219,67.78785690551624,0.2617053446955979,0.7319870998216277,0.03289529044816238,-4.022057315699834,-10.136617102868534,-3.4240384572085207,-3.3350903569540336,0.035745433483824515,1,1,1,Ens001i
3.1481804994284177,1.707031395859085,1.622654297555983,3.699372818157356,0.3209457499783137,0.3622218333818018,18.98468619266525,0.6754437070013956,-0.3901975813627561,0.05758247471501936,-2.29236281593032,-12.472754682899417,-2.763412375598196,-1.6980063501337823,0.014389694197575681,1,1,1,Ens001j
2.0751823222381063,1.6675181675163098,3.1317086026821284,3.341350121574104,0.4173108968458785,0.537793365673162,70.36521109234542,0.1489642578950152,1.0843042841735806,0.02066572786183003,-1.67894563102226,-11.776062024960321,-2.340062769085752,-3.0460044329528806,0.0187851919956585,1,1,1,Ens001k
2.6220690523996018,1.4329612497373483,2.2146412386283276,3.199211849338468,0.044417269131661025,0.32017398281302306,19.636732412939892,0.4506969121294096,-0.47465522765573614,0.05036129709234412,-2.696645656290984,-4.587350071135314,-2.2332871337148457,-2.5889421513615765,0.023934735751679915,1,1,1,Ens001l
3.909197505954653,0.7159837835055776,2.985731829025596,4.40033895427538,0.224370743760488,0.958389077621512,34.43821692548693,0.8765105266375467,-0.47408606116473934,0.06168286657226297,-2.395139293173732,-5.079076509421966,-3.0522432018851036,-1.850846467188807,0.016797056892910237,1,1,1,Ens001m
4.269395690138918,1.78217882133713,1.3679323168363422,3.4375975308279507,0.1910729360438861,0.6155639492124318,57.15991845925339,0.8341282122824341,0.14553950402897226,0.04914103447083403,-4.091448755306276,-6.928069839656102,-2.7445176354045064,-2.539872684918747,0.029912437858569344,1,1,1,Ens001n
2.4484742332971656,0.45171427407981823,2.2070549566667528,3.5310735100669786,0.390898762880423,0.7685261637866497,39.528369807414705,0.0065214689159765835,1.1986134142571054,0.016488096560045826,-3.8145134728400967,-4.798270108577772,-16.123456878699045,-2.955824447127561,0.0317406224709456,1,1,1,Ens001o
3.191528722615913,0.20289912224952134,3.1692585975807157,3.652180420936551,0.017213712540865688,0.02571743591874838,80.17925816906616,0.22907176149543376,-0.7171600943386931,0.04804163791742798,-2.5166010228922335,-13.356628132606714,-2.218643169448756,-2.7752980198767876,0.023479024612526482,1,1,1,Ens001p
3.7862482321006246,1.847948069814965,2.041412271754816,2.9015830219142136,0.135277739622032,0.6443510006666183,47.133000766718766,0.06515147260390222,0.5502725444683334,0.024854476183922954,-3.114887480882737,-11.281094290459416,-3.389700464204895,-1.8613750167422656,0.02158488629753356,1,1,1,Ens001q
3.8767153661744667,0.6639529521076009,2.368771936528012,3.634520178164169,0.3786808031986413,0.8136012309603393,80.36642627257854,0.9094116523489356,-0.4932739079834029,0.046158724164028136,-3.5191311221113484,-9.156179250213885,-3.1764512640624556,-2.52538156582334,0.02781963700517583,1,1,1,Ens001r
2.3932188729569317,0.49614369165999817,2.779474749604985,3.373039483116474,0.2036547776883321,0.18673470463789998,97.66682998131029,0.3824500018749386,-0.05286619524864977,0.05693156253860712,-3.040438754014064,-5.747260587389929,-14.088369585896418,-4.132968765686228,0.035064189578061095,1,1,1,Ens001s
2.0304261921159923,1.0621520976746455,3.5766882860027254,3.8573967426453715,0.17939455881425553,0.8861296377945691,52.3468157811556,0.25535586360562595,0.6228851094179683,0.027821579163080517,-1.2775429011741848,-4.030432066823294,-8.24569511353961,-3.121001912286875,0.015111525566411214,1,1,1,Ens001t
3.3196767772873863,1.9894474795316346,2.6320150312278416,3.9608495635829866,0.3657635856224667,0.6662996985921636,41.49100010086783,0.9676067078476771,0.739631120687648,0.028103402484637538,-2.1688167745411513,-14.066914744968216,-1.9561956647804983,-1.977821394387443,0.0176878896045005,1,1,1,Ens001u
4.459571180958301,1.4044973643682899,2.1510390416350216,3.4504791978255844,0.3571201986680434,0.7013132741078734,63.409239176791154,0.21501947818603367,-0.4800017790729501,0.03951601434045829,-4.056839584848237,-18.410227984078386,-4.24565833967202,-2.3510734145487104,0.03057295141597313,1,1,1,Ens001v
2.233362403253559,0.8997582566008903,1.4529470293495803,3.0861180749764663,0.09785661952081584,0.09219165276549757,64.4607233547978,0.6309829217437655,-0.6336177607867839,0.05385729368927561,-2.4418851621780635,-17.88402083541803,-2.7582330841454814,-3.0369381533199196,0.025170274325282807,1,1,1,Ens001w
2.1594588162982835,1.7633988109117376,2.488995093332976,4.352665622070525,0.27090294624705413,0.8298278665095568,88.22106744994409,0.1007995072072372,0.016475573452147563,0.04214074490728771,-2.991585749052875,-7.605119110501006,-2.2297843305272225,-2.867432606585651,0.02644705389392536,1,1,1,Ens001x
3.639286371679045,0.36986710833935066,1.2398662812005727,4.2892554061474275,0.4070563394928452,0.13661685133818538,43.03542431896552,0.19078164043091236,0.534966203703048,0.027742503777185214,-2.5555642893068606,-13.718368341823387,-1.419427486951109,-1.2424523909238665,0.011614596140369016,1,1,1,Ens001y
2.2658098109881393,0.2697632232030853,3.3798908872056748,3.6092072511920703,0.308665583787864,0.47625113221630455,32.02401357302442,0.7526507252035662,1.3414421355398871,0.011355946328520602,-1.8950744029385918,-15.1805947868265,-3.125807087634449,-3.7310719416255607,0.02146197489195172,1,1,1,Ens001z
3.9963683729735204,1.6542213917917574,3.6781764755662527,3.237584220681153,0.47851048349931946,0.8649297322919592,66.46758372224866,0.655289510161616,0.44814666892761745,0.024647164562760865,-2.8483207913066035,-8.499196120966344,-3.1481219225914523,-3.726864252483181,0.03215012817565862,1,1,1,Ens0020
3.4134852244192735,1.8800782197562047,1.2583994042418896,4.096986216768063,0.05028215476915511,0.3558535123877228,77.17700642663054,0.12264088951051234,0.5827397572283056,0.033196236449051134,-3.1799333688471023,-3.7750915583688784,-3.347299752071761,-2.461494415843316,0.02564802477554357,1,1,1,Ens0021
3.2773899333854204,1.618970110723842,1.894760921042785,3.8376442737207745,0.44228074872433,0.11730261266976595,94.67336644407361,0.5830973656009882,0.6327055981777887,0.02791086920678996,-1.878661523887451,-16.033144133889238,-3.6140910515709,-3.7571627810918002,0.022752707740978356,1,1,1,Ens0022
4.041591356766876,1.3905913451286034,1.4219103789847343,2.996974417555332,0.42688072512419156,0.1568342872578651,30.046509596332907,0.5518232666477562,0.3974398748925321,0.03163505741289852,-2.673594056479791,-16.303395986619854,-1.6348157358891553,-1.6816695852737245,0.016772132303941457,1,1,1,Ens0023
2.833024595656898,1.4976902432528325,3.9994014363665134,3.9994769551190545,0.026250765316578096,0.7241316022416576,83.60273394767195,0.8972894177678973,0.9182293712859853,0.01732033980250372,-2.1283582320713585,-13.226970851538969,-2.3645388069753857,-3.1586802772860665,0.023728570952415602,1,1,1,Ens0024
3.350142700925935,1.9461081350064835,3.2795216161113228,4.1817389463664965,0.06604347205608115,0.16963244601804764,71.67750942045822,0.7990097081558779,0.47728832836453666,0.029272379476622108,-2.3466694120309017,-17.456308475643446,-2.563268202510684,-1.881788514602816,0.01810921067546014,1,1,1,Ens0025
4.389897303078324,0.5478319629510865,2.6944113553486764,3.733587045166269,0.08842439741568658,0.4209932262953371,92.96916607457213,0.09525801569502801,0.4860071767905142,0.03148773074734065,-1.7570784586084132,-4.899501907421945,-19.777743043456887,-3.4472241119768086,0.02215658102724317,1,1,1,Ens0026
3.5542245176900176,0.9526139924920164,3.939327408025786,4.3004499582124875,0.4665843676737309,0.48933240138273687,50.324816962908955,0.172755511732772,0.2347054438061809,0.03562487864829545,-3.9289287793893104,-3.682112266726343,-19.551391117913735,-1.8824969283944948,0.022902702568025696,1,1,1,Ens0027
2.1385676989261992,0.304592901276052,1.9907814480055124,4.443900626727286,0.4344729899602783,0.5403438766626641,47.86051688509062,0.514468033081852,0.6960505936348946,0.024842184604410577,-3.6123441192179016,-16.39545084990991,-2.3950245810425734,-1.5746041508211277,0.018462607508583487,1,1,1,Ens0028
4.243966121284757,0.34488951849061994,3.807149111125246,3.2931187070156445,0.3131975705879415,0.8543404703782871,56.36577469206415,0.28484039979986847,0.5356272617423927,0.029448387543333104,-3.368809888443699,-5.523296568364415,-3.726063751578196,-4.107877139458122,0.03545010745691478,1,1,1,Ens0029
2.7022012568498033,0.163911462970078,1.5327155550550668,3.7747318519292397,0.00811899469971545,0.7977949438672514,10.734377997349947,0.607751577463001,0.6982180398636176,0.029314811932034182,-2.417287627976402,-4.370881036002509,-8.788160040422817,-2.3864492702251248,0.020760202409525426,1,1,1,Ens002a
4.328502386226319,0.13523048400590199,2.8540626745436337,4.066208176240232,0.29310785267879697,0.4419455287763849,60.040454956963664,0.8165872247731314,0.823810812963791,0.027184845387011783,-3.2993367151409805,-15.952494661560328,-4.346511360296656,-3.88081145557583,0.033934650289914846,1,1,1,Ens002b
4.139008299987763,1.1281079015755096,3.547078548720479,4.134375046618283,0.24452159702329876,0.009788397229276598,21.146583659071474,0.4041822804231197,0.6164614224143042,0.02786628052607545,-3.1388499079155405,-3.076411518407605,-12.527477259215074,-2.0733810174643095,0.020055457776191703,1,1,1,Ens002c
2.4957866697758435,0.6818599698141217,3.6477296416491267,3.2535970574621107,0.16342430413516817,0.06838796604983509,54.72294708177447,0.9337077700952069,0.8934238948748094,0.0251739740026515,-3.2196642959621125,-14.520295374994415,-4.045076030756229,-2.5967305497795126,0.027475309290036817,1,1,1,Ens002d
3.7498791764699857,1.2638540508351288,2.4826205749124286,3.8092874781563877,0.21217645355067308,0.919958970040083,98.51376280896366,0.3371511679403484,0.40841643555309537,0.02739761500121624,-2.074621458389352,-4.754304199376637,-7.154221869548154,-3.8857330106736354,0.026912588701420145,1,1,1,Ens002e
2.777417603668291,0.7871250934447162,1.6569274174660444,3.4827106473680582,0.2689544988264192,0.969691713668406,44.4878344458621,0.694083902431652,-0.5836186762830142,0.06930613180766161,-2.87211452067433,-4.276509690043386,-5.292867820312481,-3.7862231536670556,0.030013625765185417,1,1,1,Ens002f
2.8692158884974197,0.4240093387391418,1.7271640175282954,2.8091347138897516,0.3310140853153489,0.5066463937256486,89.31145862237551,0.5792233132598922,0.9014758247158626,0.021808430161521918,-3.241720942911129,-11.239677301184205,-3.241599987928501,-3.0203717950524696,0.028010500539581727,1,1,1,Ens002g
4.430868185060099,0.599152237773221,2.3946153008937836,3.580505927304271,0.25006510725225634,0.5630997135387734,24.006758574908602,0.4740632385304198,0.964630914431506,0.026619781051911658,-4.201005211593851,-5.1304583035838025,-9.166562298961285,-3.5081473180019374,0.037484755045673154,1,1,1,Ens002h
3.8484295921027663,0.8288440611039287,1.8011606466718018,3.1284914223243483,0.07435708145064145,0.6807752646375448,13.687613347368314,0.710905512384139,-0.18129069036602552,0.044131457307507775,-2.37647539669251,-14.228789898692794,-4.242269830118595,-3.339861377522935,0.027027536628293297,1,1,1,Ens002i
3.4643306001764724,1.0448867690079846,3.875588389666751,2.9568609106364656,0.14854461313462167,0.621852528065443,28.204889582861217,0.37997952935379,-0.36311813363547635,0.05205482093112729,-2.9632063736351637,-4.568559253595087,-2.2558151562518423,-1.0233113590424596,0.012845123168697499,1,1,1,Ens002j
2.343397611046676,1.3223678560833447,3.0590936563897877,4.244320720413793,0.23346038977199235,0.5954134347541258,15.985488260276615,0.9590346185294911,0.7417331364304827,0.009810770297393245,-2.967635717603863,-7.907314506807514,-3.396051211692231,-2.733637321519318,0.025732851514296898,1,1,1,Ens002k
2.932946946527809,0.74777116845157,1.8319248460672797,4.195264032086451,0.28919242291701375,0.2866752924220637,73.48027622357942,0.4286372318128124,0.29909030397210035,0.038987500169427404,-3.133310143395135,-11.805382598896221,-2.0862187129841194,-1.6915219424310066,0.018552246047576704,1,1,1,Ens002l
3.0684283802914436,1.119284800614696,3.4795753156505524,2.9328763415538703,0.18808771759999618,0.40672263743262743,91.76995690280572,0.7779698779089377,-0.5306092338003463,0.042770367098933726,-2.2525938618714885,-14.66514588582399,-2.9649334758224333,-2.4456541332023516,0.020029641905394295,1,1,1,Ens002m
2.686378676816821,0.865101066348236,2.2992480136480182,3.1679761846985666,0.491198095849378,0.2791427913494408,74.8791750562843,0.8489394450485707,0.9664694734779161,0.020694041750552124,-2.3897883801028934,-5.961448351769635,-2.4472338509428155,-3.8297878908677427,0.026459123228959106,1,1,1,Ens002n
3.6522131529729815,0.9923627349759452,1.9358859802741557,3.9278485358764414,0.11192665677549067,0.21481502774637196,60.77732933946885,0.9908007263876497,0.6271340561288914,0.02494728856004319,-3.7226513433521435,-6.256170018553742,-4.626222480393328,-3.525284824735392,0.03512286976448675,1,1,1,Ens002o
3.0263649793248626,1.1660003393543887,3.4303161446262154,2.8409319648541507,0.48450374162275284,0.04143743437994272,36.557734086662535,0.31975845781434326,0.8673602906883233,0.022164820830049156,-1.5795682975010283,-13.940154885054,-2.411370887995591,-3.2210368595137795,0.01908711516483117,1,1,1,Ens002p
2.5945669728098437,1.5806263314650395,2.749236302969977,3.056659391376376,0.4583064884482971,0.7554996995097026,26.97725729865022,0.48234313185699285,1.3109270059565263,0.017739181328720717,-3.3725321912031374,-5.232797636589147,-10.671476179929904,-3.8447626481304296,0.030819212822374955,1,1,1,Ens002q
3.2238244288694116,1.9019124715798534,3.7225399893682454,3.897988946572877,0.12958899416590183,0.31936358017381283,13.558235774626956,0.34179973053932194,-0.6797666351242777,0.05771789019665463,-2.4709863937715646,-4.894225884786541,-13.499616652325019,-3.496696327195636,0.027975274775321655,1,1,1,Ens002r
3.258307532917242,0.3840997586618178,2.5192554575152695,3.862919580786209,0.4940576951364276,0.49205117764044554,82.47837524264119,0.534053346711211,0.862489907943151,0.03202540037967063,-2.5668432613798373,-19.347643902741314,-3.6003247126141886,-3.8757263616298836,0.029913898324818243,1,1,1,Ens002s
4.191431676608045,0.461809857350029,1.4766721428908407,4.042490965152811,0.1173126679434185,0.5246125860819594,14.092222448009998,0.1357088243905455,0.22656025191946105,0.03642106742160318,-3.3182911263622654,-9.992819583429153,-1.8608850080709451,-1.8312064305473688,0.020048775833384186,1,1,1,Ens002t
3.7040446781204084,1.9647927707113326,2.9988072681840507,4.330852274128888,0.24347580016011527,0.07515145859401673,95.25609635177999,0.2691490367194638,0.4881559341997845,0.031059074329943495,-2.6361044809637972,-14.24661829205386,-3.408410749560156,-3.721542910470511,0.030093553822195834,1,1,1,Ens002u
2.0515205779136156,0.28895472715916115,1.7514585198160262,3.937276982397865,0.22029600392271195,0.2266339941099286,55.229850990921264,0.8392998755266889,1.340213425650319,0.015193906879587365,-2.9893986503244188,-9.538429167336275,-1.948470991611638,-1.4629594446575618,0.015621411603041395,1,1,1,Ens002v
4.352215649259742,0.4295519337671809,3.390862457179278,3.4938949856334363,0.48941216686432026,0.47003302456345414,33.04867538151331,0.06155305602122098,0.7210592983208535,0.023956834855868435,-1.9556518228318018,-18.01806884686036,-2.4344997985502266,-2.030548993660131,0.016811173867352855,1,1,1,Ens002w
3.946993527223822,1.0091929831421003,1.588470603718981,4.282355013197474,0.47344644870601077,0.6390087112672627,98.62704919534735,0.7644189800703898,1.4500049366669643,0.01377319741315853,-1.9328695141781653,-17.480956526920977,-2.495577513435994,-2.5914290345599293,0.02071305202138688,1,1,1,Ens002x
3.130688021492679,0.1404647073158063,1.9958940914973615,3.7189205047037452,0.4455482078836969,0.4035163343660534,36.65975655900315,0.9402051547812298,0.5372765336958814,0.028278360763419372,-3.2249822539747917,-3.2541062312743936,-2.9758467439650946,-1.6689058338187,0.019596048901613056,1,1,1,Ens002y
2.7619746157038025,0.3162253682487644,1.482329949435964,3.3237386996285987,0.4204855193574913,0.08834829825535416,76.66228701764717,0.22416856993176043,1.4695334308871804,0.013940317029054143,-1.9708630853512523,-4.839402509599864,-15.490308372339825,-3.053339994196627,0.01877637339382002,1,1,1,Ens002z
4.0637566284625795,1.7667789019741118,1.2088640932373702,3.0479466626603156,0.32220141205791675,0.29808608231972905,73.92534930200316,0.10904949706234039,0.3007971351337975,0.036217628783374325,-1.8247312144815195,-4.417951272761293,-15.84196715908766,-2.2862347700841545,0.014129832287864737,1,1,1,Ens0030
3.5624452826264315,1.2041592367229053,3.6626587466403837,3.566911563301179,0.012006037506136671,0.7954248829577119,69.37956316841766,0.16023900148831308,0.7895891759117684,0.025545849917970972,-2.892035374490996,-5.512905684668255,-15.699865061683841,-3.6451330119137175,0.029517399718752634,1,1,1,Ens0031
2.891529716041405,0.6537687005193904,1.6137717421215028,3.7045205243013797,0.04355788555849651,0.38078047142177823,94.3594696580153,0.7573342733914032,-0.14105597136048204,0.04148249837200356,-2.350063882269441,-9.755677398147144,-2.8607577258959536,-3.61654985560635,0.02478713021660993,1,1,1,Ens0032
4.018187359960285,0.527322560684476,1.9098656958408653,3.1418201193349433,0.3078310377464205,0.7321253602365032,91.26922794247977,0.0257452954268083,0.65524829834149,0.026421566431341376,-2.7929725683112148,-8.77154900406166,-3.6091804804428946,-2.60677373283979,0.023191971034271813,1,1,1,Ens0033
4.309839200293645,1.465473651295621,2.270176749458164,4.4309039479080585,0.17384757974219314,0.3442996242130176,30.506986152613536,0.884241486940533,0.8734448682385103,0.028138355135580814,-3.212718864528586,-6.15608780762779,-14.369855293430264,-4.375424432052494,0.035771205237555406,1,1,1,Ens0034
3.333313944800757,0.9457876366651616,2.6553023995224385,2.800690352567285,0.039154915228938506,0.14656567793805153,84.80266340613365,0.4371479311482981,-0.445197009738113,0.044649548983060075,-3.406307403645891,-7.991108105675048,-2.8124949261852907,-2.403692200847585,0.026522478798421734,1,1,1,Ens0035
2.8264846839825624,1.3344067716010846,1.9597416822254656,4.142479492869041,0.33804282822060056,0.6753748150840402,49.780785779450085,0.09830733810272067,1.2536461209778453,0.01335927320308593,-1.979383902098967,-4.376135366710529,-7.349643122073028,-2.255324743728874,0.015847622874399808,1,1,1,Ens0036
3.0070497245434673,1.8693731150883253,2.8267638280663636,3.4055072050715793,0.28270043453543214,0.6577059059347957,86.54845984242857,0.542526378646493,0.4494460216750862,0.028184405935917277,-2.2306037982370395,-10.354710597773174,-1.923766623856892,-1.3210562370979728,0.013351958726588462,1,1,1,Ens0037
3.7552030164655297,0.48021815207526086,3.0953988161694257,2.9429498883419667,0.4124518633504424,0.6914836333859713,42.409768629958855,0.6268464901363477,-0.22477283950989185,0.04001830902959315,-2.097808293636016,-3.3147768126453308,-8.027519343795216,-2.00053765493407,0.015807550114069847,1,1,1,Ens0038
3.241513122357428,1.1070505245653912,2.3287187046773727,3.907016876273043,0.007184658285019454,0.9750371201680973,69.75023928557523,0.6899826145423577,0.1552260532478437,0.034851948974029635,-3.181371231770002,-5.843552074098309,-9.785326343486958,-4.592410999491904,0.03582305206621425,1,1,1,Ens0039
3.541753462573979,0.2226329629501328,2.137433923878893,3.8229185620480215,0.20689759116404438,0.5641870692549273,62.43109480500221,0.19259219173155726,-0.5289894047238897,0.040085397181762294,-2.8735291940250915,-15.754333177600596,-2.8959227192136185,-3.4715769593077748,0.02911588729692586,1,1,1,Ens003a
3.6465001230104828,1.8330619270407595,3.4636522684838624,2.89325532216765,0.3806282288293972,0.8330129409721121,16.643365585515276,0.9144596955450252,0.8571391019582038,0.02413456118301377,-3.8390053874614463,-12.456186310407169,-3.34006702634195,-2.3464376554505,0.027678375154084323,1,1,1,Ens003b
2.7236795574193824,1.5440950158031657,2.0945688889481127,2.904775707218889,0.37016715352784,0.9146116049736739,81.47339213483036,0.8639326135478914,0.26354183802884007,0.03741328759793519,-3.234496317689476,-5.319231339310521,-5.777456275661679,-3.15522134467672,0.029327288163544574,1,1,1,Ens003c
2.4557612823601813,0.8570817341797985,2.3867378268823027,3.518050004832912,0.2646946544507469,0.022799849349074065,29.15875956526026,0.36428514825645836,0.52009654143677575,0.03227764893676559,-3.004186841405111,-17.9013930048564,-4.223302627705909,-3.8669403047842943,0.03296492274178754,1,1,1,Ens003d
4.4254067461472,1.3952713463023307,1.342745368036255,3.1082647846667095,0.07874548063013928,0.43479084568284454,34.01517048268579,0.30259041364304723,1.444735058663714,0.013445006545704909,-2.365997741483649,-3.232086429844599,-16.035424721667937,-1.5014036749558795,0.013655460586404225,1,1,1,Ens003e
3.367793715246953,1.0722276677894407,2.73024694692418,3.004319282248523,0.36864903732953386,0.31387059029005465,12.533270857827738,0.7837712978068739,0.9397816766159781,0.023502461027128323,-2.725148364644947,-4.778183268148383,-19.730515348525188,-3.5687427913591243,0.026267084761913806,1,1,1,Ens003f
2.94386157146655,0.6718650407530367,3.2957611531782893,3.7661060541315003,0.19435500753188534,0.756973287301138,58.86134528582916,0.8040606006290764,0.9948916764561748,0.018947480359875427,-3.28913767313459,-4.800095458405649,-6.952576160773278,-2.748477183860101,0.025831564156183085,1,1,1,Ens003g
3.4568994025024584,1.8929919105930253,3.8637354243818667,3.1053986201413903,0.31709706022257655,0.26601870523020626,42.01052317361348,0.6193776420550421,-0.06789681983007967,0.047186313959959994,-3.037741450313979,-16.49268433897008,-4.001547571705557,-3.386121413646474,0.0321783820983158,1,1,1,Ens003h
2.6564336628629825,1.7895166852956637,1.4093718268118798,3.4231463697970845,0.43940365749046256,0.8803142009824514,57.88749139955268,0.20783160309214146,0.2912319639791705,0.03597124944868219,-1.3099065646548407,-3.6083772999748716,-12.475985940308583,-2.5211019062851845,0.011142775675043544,1,1,1,Ens003i
2.419120016717352,1.1884791328920985,2.702184120568633,2.9902553491275756,0.14521375603065576,0.8726534847514704,23.61664424183779,0.040681127312593164,1.551731222781402,0.011267528434096463,-2.2833617920637295,-4.573332493871275,-13.868346433352603,-2.924484192512106,0.021331204777769862,1,1,1,Ens003j
3.80562521391781,1.9529420450431294,1.8149035064719619,4.188107808088791,0.05726129737376143,0.19776088382583112,22.255392285417766,0.5669787301216275,0.8353142733990804,0.016892159147904037,-1.8621355690689954,-4.985105467652939,-3.238751474037844,-3.34386371338833,0.019216292705327945,1,1,1,Ens003k
2.507766112990212,0.3412186698962003,3.7676389696549624,4.237508786104433,0.2383352763710428,0.6161149752577767,38.38709180218167,0.14421982452087106,0.5627573641795759,0.025377837760164394,-1.944811434617843,-8.816398359858173,-2.173232122613576,-3.0308355005539136,0.01744002872707495,1,1,1,Ens003l
2.028280499125831,1.6044755872475915,3.5526175259541715,3.3460202869320286,0.15900005241567883,0.17603009069431572,40.36943763217889,0.3293151971995831,0.9420151498881578,0.019719104980059268,-3.2446459067043434,-3.6972812219044235,-5.711361813621275,-2.8592952753555183,0.028483462509682776,1,1,1,Ens003m
2.1980853772186673,0.5633624710702337,3.924039967073128,3.4665444302831774,0.1644705241043631,0.9278069660663605,97.11155792767183,0.6624260454988108,0.6374951284528411,0.02995207784283836,-3.0815302989071154,-4.709663145641362,-18.67545356008391,-3.0817654763913627,0.025924731698902734,1,1,1,Ens003n
2.3659926299494694,1.7143445052205586,2.9664217650048434,3.995164808611478,0.12650056638895457,0.37916512007452546,79.65544591444545,0.39162469167914243,-0.15071379802574564,0.0368522884496275,-2.794014834009709,-8.681157253909637,-3.6264335471122324,-1.6129803863875556,0.016635597808591734,1,1,1,Ens003o
4.126602560074534,1.502153213565983,3.498641313916444,4.471892078172229,0.18101770865674296,0.7614085913132876,90.12670697032475,0.5003410777775571,0.41555674947595234,0.03639335184417559,-2.3989325336432836,-11.016996442454664,-2.994108479814031,-3.706830169992343,0.027095483605671846,1,1,1,Ens003p
4.220467739375308,0.7302430203646422,3.715914586354047,3.6598800337169317,0.10468855718413836,0.9996626413306221,10.26725397368893,0.4191964533450082,0.833806768360392,0.02534998975701233,-4.309106292395287,-14.038829665523593,-4.281390160664369,-3.4698342669004365,0.037502116782205705,1,1,1,Ens003q
2.3079015599587,0.8135614024763926,1.8234410769682377,3.604338234201446,0.08347008616085119,0.45285177160520107,25.25608213295229,0.9835536382412537,0.7754870797157198,0.027246553132231136,-1.4477723579589201,-4.34328118456848,-2.7375397246288427,-1.902658401159707,0.011327163540987346,1,1,1,Ens003r
2.2120804238459097,0.13019032576363535,2.5987406936433164,4.099412746451516,0.13746613291601342,0.33751726123411213,18.522303324555978,0.29304572047665717,0.3248474330444679,0.030897831831469706,-3.094124731607264,-10.986480278138227,-4.1802730053501005,-2.800528072420458,0.0275038607003753,1,1,1,Ens003s
2.2923606686946005,1.0197769836606458,2.4579120543323456,3.267398829233367,0.06333779048054945,0.5898942906791343,72.49858272792773,0.2458200195180252,0.44941005819438273,0.03533889018328504,-3.46916662134977,-15.81154780591556,-3.791840335383281,-2.1611821791581782,0.025184741844183383,1,1,1,Ens003t
3.425760561153293,1.2763097921266222,1.6996256926242261,2.8496381734937426,0.2989985446473892,0.5186633820226416,54.096498798746616,0.9724849446061998,-0.27367219457398856,0.05031949997855322,-2.054443841388903,-6.747431631228984,-3.7355758404817268,-3.486280008600879,0.02328368477007651,1,1,1,Ens003u
2.142115617217496,1.6822023021909407,2.261130253801495,4.225491721860971,0.39745462492507555,0.9431399560244753,53.16740359948948,0.6454848896134645,-0.1995213852618894,0.037692083704955706,-3.067561021231142,-6.496698499425648,-3.6327363678930893,-2.126713882025941,0.023563694047607643,1,1,1,Ens003v
4.464644458475522,0.6104262843322008,2.1631010400518775,3.801472389909625,0.021538691242265796,0.7124480304969474,49.037472932739185,0.9387323732944206,-0.35931760736442414,0.046585547032044754,-3.053883017918108,-4.971605720610903,-4.185698377761692,-3.154751499034939,0.03126201726138511,1,1,1,Ens003w
2.9704059347999285,1.3547153002860026,3.955121069924533,4.075729678501654,0.46414382737526494,0.25351945871580395,27.566912259655073,0.7382005702052266,0.01706609390229527,0.044986914154008656,-3.086336803528612,-13.475876880563664,-3.140088186705496,-2.212388497541604,0.025059062269895262,1,1,1,Ens003x
4.287565530438442,0.7805294639685191,3.1749457185171543,4.381493787265569,0.45438151251225145,0.8418471744814887,64.2081492185872,0.47735899832379075,-1.2142482982571725,0.08441055908561068,-2.1512959645827108,-7.535758080505472,-2.341059995979996,-2.764088276182162,0.02181793488166353,1,1,1,Ens003y
3.9646312896115705,1.2920734664928168,2.9142315316542984,3.2895531283355317,0.2776301696957654,0.05888427881151438,61.56211183778011,0.4958889156328514,-0.14470348365088476,0.040205893174851945,-3.517888812701343,-18.124138853575122,-2.753504081924447,-2.102656910528166,0.023453156178858816,1,1,1,Ens003z
3.1531967626581903,1.511876424970571,2.810917078360543,4.454705677247513,0.40291281086095404,0.12395761724095791,45.08410782215185,0.3548784533096478,-0.5327696981003804,0.055959363304215644,-2.4798204911726116,-4.509111138392369,-7.2747088333081384,-2.9926119146275947,0.023203357127511603,1,1,1,Ens0040
3.0748398660612293,0.9119989551043137,3.367709391949698,3.1755741565239615,0.3437548040173646,0.5467837975099683,46.84759058208205,0.0010732430843636393,1.3447332902810527,0.01762401776565696,-2.66365513888739,-14.91031601882463,-2.4536215889008894,-2.745406875765707,0.025166479277413036,1,1,1,Ens0041
2.5808082737983202,1.6213753475036474,1.3075533688049763,4.322466203045007,0.25379066907003645,0.8187784185577185,19.72920643241145,0.44529667252115906,0.015355680514974074,0.0340384915835218,-2.788577209420119,-16.902834520182704,-2.489251231057151,-2.7627837285728694,0.025546920758372352,1,1,1,Ens0042
2.6064332252880558,1.1627218140055426,3.2242433981649574,3.986799002408609,0.35876417385596926,0.0013454404631629586,67.02108214883134,0.5844825452761724,1.3895762284559927,0.019605599457301663,-2.4773061812431423,-4.369325821233585,-12.59911187989483,-2.9840523759408613,0.02329027528611418,1,1,1,Ens0043
3.669473519974854,0.17937342979833484,3.152442615517974,3.2091322332849725,0.21503528476293432,0.2067088655764237,75.53246345306746,0.8408591005997732,1.116214792779058,0.020078604655523906,-1.7142532687356993,-9.967581077308287,-3.558338619882692,-2.787073646573211,0.01863838728248572,1,1,1,Ens0044
3.888502023576293,0.886956853945367,3.824949557801708,3.621250279378984,0.0949187057624925,0.1014404821023345,88.10632572016678,0.7147025994146242,0.42140123876725155,0.0317354818355674,-3.1483716322790194,-5.4006869573069025,-3.186133146264681,-2.023913338773709,0.02236628419756767,1,1,1,Ens0045
4.219556550066918,0.5537026790359988,1.429022237871587,4.361632538845203,0.39530450328277317,0.5013424744009971,40.11094891881571,0.8818219526577741,1.3012642366018912,0.013450972369026374,-2.555774519203208,-12.198108161156547,-2.6822076179749303,-3.040852293854358,0.025888929942778312,1,1,1,Ens0046
3.9786991420295093,1.8970166347223334,2.4046405476029964,2.8257404818948357,0.2007717910072839,0.4112826075432822,31.83750320659019,0.7294509468162432,0.028453010793008604,0.04346839950864886,-2.667473583752966,-5.03855419980798,-11.78623857083872,-3.857765885098549,0.030128761421932212,1,1,1,Ens0047
2.8487957363855094,0.4358945725842379,1.856086990821734,2.911488877047412,0.07770499572781028,0.8394788220077752,42.3121953696385,0.27863195563573395,0.7800840805653607,0.026539570657226452,-3.713097026770645,-17.645512200727563,-3.2526299854144614,-2.4658630584323706,0.02670419999073005,1,1,1,Ens0048
2.2008451580023394,0.9302705327017232,3.198785837295651,4.395081730594859,0.4117182398522874,0.7777708487277851,30.95915284248069,0.30653795271087436,0.10862624584416636,0.03306771010680266,-3.1841691787008397,-9.61424196383485,-4.6590028167310065,-3.825991717559397,0.03465879028070577,1,1,1,Ens0049
3.402606625824701,1.3756239897869529,1.9408870716676114,3.3670051836313677,0.12245089747733688,0.7299578788327054,95.82042016296647,0.812004715897143,0.1942482241676853,0.03857471561100268,-2.0034340649532103,-4.537932613284173,-13.23283331960825,-3.305512212377404,0.02252675675318838,1,1,1,Ens004a
2.961424430005718,1.5338186170452273,3.063296075816825,3.760091563279554,0.2676481593300346,0.22346803251374514,52.7448838400282,0.9875782411601395,0.7610573762900672,0.030841990155279428,-1.8837155638640013,-4.951556528542821,-16.323699284368118,-3.9909832010119253,0.023418759699308685,1,1,1,Ens004b
2.2866947742388586,1.8060873644137756,2.766512641108036,3.0005843102334064,0.11997470023383833,0.651119888518937,17.58853642705828,0.8546788562927395,0.5969179168358462,0.030789143921612867,-2.27008853771174,-19.861030858014573,-2.537510692846731,-2.950240060712053,0.02454229723778046,1,1,1,Ens004c
2.4259832226554865,1.7364550840871409,3.4413272242084147,3.414036200370453,0.48663627673387655,0.0851772195501253,58.55226784087718,0.8240895454594865,0.7965333444892588,0.024809871562550007,-2.020299164588399,-17.411898551459455,-2.6488132337942085,-3.880884104684216,0.024101102734248404,1,1,1,Ens004d
3.7698751883697694,0.8482828845754266,1.7749608720395713,3.9202499320357105,0.462919808572043,0.5546218978380785,34.984081241311515,0.018692526362836363,1.0171314351450225,0.015619090695878638,-1.791229436440677,-4.397263289990911,-18.78374858203231,-2.5800578343944447,0.01563778642775072,1,1,1,Ens004e
2.540020951917395,1.6905218043250962,3.815287868340686,2.8830168447863307,0.21622321468188752,0.7167206671964377,61.201617606319495,0.6481428560931236,0.27069438686323366,0.03724377402711338,-2.8478421583673375,-5.092641516142033,-8.907056405566504,-3.424026673039444,0.030251512369710673,1,1,1,Ens004f
3.20788004955044,0.5685466789036058,3.7525121013574303,3.099193272195011,0.4465395980449091,0.2563411210589111,94.21909989979119,0.5074628133755177,-0.08750842800600489,0.039720759559552635,-2.5383889675251092,-2.4059788766254724,-19.026216085050756,-1.3530973284586099,0.012425366501865676,1,1,1,Ens004g
4.091338949413039,0.6602101019769907,2.2848398501265796,2.964473798323981,0.4769333718061339,0.13001222392357886,68.05101246383042,0.2887089828224853,0.719071046044951,0.028859393593329653,-2.197312516953442,-5.6425020592157935,-13.115398282826618,-3.205239521377582,0.01945824139511742,1,1,1,Ens004h
2.5785899193934165,0.11747142860908062,2.636223861309886,3.638912928915303,0.3189636773166916,0.33204841236863286,90.30208918934689,0.9687630067924037,-0.3336924330155318,0.045977471308641826,-2.2798311298007383,-3.473415121876072,-4.827728317394326,-2.5220682993334806,0.01757347627197002,1,1,1,Ens004i
2.0445899169542825,1.7306545046452433,1.6745727523673326,3.2037463319998234,0.25585099478518125,0.46554940863233063,59.45338809623384,0.49193007744010536,1.2127711266533758,0.020809609529712798,-2.9270553824203285,-13.811378416934904,-3.319063741259164,-1.5522573795262695,0.018141509103076797,1,1,1,Ens004j
4.169024040524382,0.17138893663669008,1.5573240805722772,3.149020947281923,0.18568915684507675,0.6925960808806122,78.8719661499653,0.7855860329568386,1.0033651112503046,0.02275366506367561,-2.800167122924973,-18.81026142383794,-3.163132216126115,-2.675009453711559,0.025371804456057537,1,1,1,Ens004k
3.0137856698106043,0.44933148599350825,2.8723312089789657,4.283691443103086,0.03438956245026924,0.6796385261900724,72.74512797266246,0.3580999110480771,0.6383331260936568,0.03037088974128821,-2.5339022237577615,-3.012496192545577,-7.038756369100393,-2.901672983955033,0.02147777099613777,1,1,1,Ens004l
2.172950393948704,1.0995396927583962,2.2488629241429265,3.50339758327594,0.3552699144292315,0.9604854300133884,85.62928873413242,0.36853541764710096,-0.7922826813390362,0.055397530070259673,-2.6008346945529723,-17.19654598056435,-3.7032306626792373,-3.875504431392326,0.02802689737469352,1,1,1,Ens004m
3.057533640770707,1.0281273801892996,3.695767402106523,4.437414209921285,0.09212798564518271,0.42835886755026875,53.8580368931219,0.6701786858523265,0.6472492702451443,0.030056995244786486,-2.734419346041908,-5.998395076872645,-5.969124820947341,-3.7716976440659002,0.03197907493362944,1,1,1,Ens004n
4.397205727458932,1.2853305992180482,3.8403270342893894,3.456160995979607,0.45268063429525707,0.5861404842222109,15.724513111412525,0.5895950797796249,0.4130036431462142,0.03864150160306823,-3.090691048748263,-16.609329475143582,-3.2431552234286216,-1.8748551499454695,0.021199670391373524,1,1,1,Ens004o
2.611645360707771,0.23122411216199398,3.5251775624912227,3.544763821988459,0.4048981410787475,0.7849119085753337,74.16552605172619,0.46665522342454646,0.19809736507618264,0.046298547743040194,-3.432094030384384,-3.784292015479868,-9.008524180921407,-2.514382247995309,0.024777754431541347,1,1,1,Ens004p
3.1723888800269924,0.3211860484868288,2.1916624486345797,3.319588006851729,0.08437055285215146,0.051667978398501874,24.42258536473848,0.7163611090239137,-0.35976606710800213,0.05997773709452754,-3.5513125298550667,-6.723298638270932,-3.287718916050909,-1.52582028871801,0.0172649322291944,1,1,1,Ens004q
2.4736729556624777,0.7714891430198215,3.0060768900144845,4.030929152425564,0.17524046713788183,0.6117612636499107,96.71303896456956,0.044806214475072915,0.794398919406048,0.03171881038381019,-1.326321087028018,-17.103668859864715,-1.8965899889487905,-3.0446634836453312,0.012713408238789853,1,1,1,Ens004r
3.1230453497380948,1.0864700396794826,3.105866539695859,3.9739379374478943,0.06948800281944649,0.5749435949688778,26.469575586020945,0.11893189477827401,0.9163483526602134,0.020379391283082842,-3.4153929017990006,-3.9080933192437075,-10.955456704142737,-2.9920814088520977,0.028739781953757128,1,1,1,Ens004s
2.0864048284152523,1.1807610890303741,2.119145557425171,2.8563368145548735,0.23668588120067352,0.16750447475817054,85.3358083713986,0.14335986646357926,0.8864679995695259,0.023343412327912438,-2.869977302317836,-18.456062549580707,-2.2297570628262924,-1.7119408819414013,0.018384676713883732,1,1,1,Ens004t
3.6059020503237846,1.5889139292994514,3.4227110206685962,4.21644147583479,0.015390032099723444,0.004466797103174031,49.49142676564865,0.17874017423857003,0.9067777453400334,0.022769005489423393,-3.285972478388469,-18.605975949544582,-3.520162909802436,-3.028503613169782,0.02658778738463405,1,1,1,Ens004u
3.816693152312655,0.9821910169324837,2.3491566151477397,3.885486935012415,0.37213289013198114,0.20890018322039397,89.00350508946926,0.08006665704306215,1.1803630291449867,0.0174561792893891,-3.7052246960165265,-6.769154802804786,-2.827092277741128,-2.083128278081354,0.02309185525483669,1,1,1,Ens004v
2.6736660564434716,0.36136609975099565,2.792271380748227,3.943868143175263,0.4319057540895158,0.15226755757723007,12.366180153377353,0.6090116467867046,0.7004174855999774,0.028725978596661754,-1.9381701027167801,-5.4312003874009624,-11.207689497522129,-4.0099208355686375,0.0252142501924332,1,1,1,Ens004w
3.8905587165849282,0.5034704088870436,3.9608014931682494,3.1396582200453613,0.04823974827274354,0.3672698249556124,63.13337597207166,0.24210954422783107,0.5127064556580913,0.023750111445166717,-1.5143048331001943,-4.339641769386954,-11.834962218372668,-2.9680715343904733,0.015005986964288587,1,1,1,Ens004x
2.9070165844634177,1.8623374721396715,2.6603046614851804,3.2755494539122094,0.3028344052866579,0.19599335046112537,14.705666664410384,0.2098769089477137,0.5296222167697234,0.027501351375799316,-1.3182546900193934,-3.6882715008320286,-10.519920212142306,-2.3512417500503062,0.011314519038314359,1,1,1,Ens004y
3.525412688453216,1.4823535389238969,1.2863588387925178,4.233360449862945,0.3286146928429399,0.3578240242013708,77.53519340001978,0.9512218223270028,0.5785112618551682,0.034338508828469255,-3.929751576553379,-4.008441751169591,-5.168146280369621,-2.7894318351029197,0.030968209033382765,1,1,1,Ens004z
2.111215349298436,0.9729579165185801,2.5360137134440244,4.126818210077751,0.36030727647236455,0.45754632154665886,99.49186330165715,0.6208710768120363,0.83457563895101,0.025470421984308617,-3.145594804840675,-4.827572604259704,-9.96045530751609,-2.8217033445088564,0.02683268523438747,1,1,1,Ens0050
3.9212958568893375,1.4561676718936303,2.4739043042130766,3.0441905405811034,0.42911854466895694,0.5331902332901955,10.68027002849616,0.12864700680691749,-0.1293969358232258,0.0386755487709205,-3.298597832966212,-5.728870547004512,-2.473841114577387,-1.8465996650676444,0.019461239823332116,1,1,1,Ens0051
3.5892438535508697,1.244851046372112,3.3296050114668905,3.730997920014709,0.3866981817599809,0.8984980786703527,35.954157825019216,0.45298226523306223,0.04239564919018807,0.0392170616303337,-2.974877168010487,-7.315202100157691,-4.322104690872913,-3.813215149380815,0.030990730421916843,1,1,1,Ens0052
4.009154320368543,0.6192657141810283,1.5988575652271508,3.68343979916824,0.10650214122394995,0.9498026018198579,65.12939911740833,0.42711347108520564,0.6907940375647883,0.026218366018143077,-2.326700492530068,-6.553311139655125,-2.2352702525357797,-1.6660996396295142,0.01614515227959279,1,1,1,Ens0053
3.3487092922907324,1.3261836144733243,3.6355841322802007,4.309315753000416,0.3406899406932444,0.8589140211641788,70.8227118670568,0.8702944448534399,1.1472078586886694,0.02280852680647576,-3.015333313012544,-5.843480342429978,-7.203250264455646,-4.528083351448239,0.03681337433429878,1,1,1,Ens0054
2.7539779978245496,0.8180217668243683,1.370580520030856,4.059182629955373,0.2747490438003128,0.06157255331147462,20.490025049941615,0.9241107341749594,-0.7643964353022654,0.05593436784570337,-1.8349574271916305,-9.068462293507057,-2.7822530535252223,-2.4958672577655516,0.019575705255646288,1,1,1,Ens0055
4.294944698074833,0.3923588072530926,3.248462927027046,4.02108183871964,0.05471892327778489,0.11429828809574247,47.71041944443248,0.5705825852248818,0.6211683310629867,0.02633996460453249,-1.7321639755348703,-17.353988296431147,-3.673178864690417,-3.089082650961182,0.01980450144938951,1,1,1,Ens0056
4.444412331592757,1.4175771780397743,2.938272712762654,3.79422530963961,0.023355641397568863,0.302167814983055,83.28343162942679,0.9015973076047376,0.46265820684304276,0.037910587575059454,-1.5130319263307919,-9.833605051735688,-2.074867056628748,-2.471694848567167,0.015986900350932486,1,1,1,Ens0057
4.330314176660032,1.9580580064961688,1.8752719875972717,3.5528344749077223,0.13251937007643458,0.48219639008585363,92.75532975270413,0.3337450703736395,0.027543228938020164,0.03913257280927786,-2.7819403400533838,-3.015393250882609,-4.774541257510805,-1.7251308890085943,0.01739060283107005,1,1,1,Ens0058
3.487164081272203,0.1915092469209805,3.9153609223097563,3.3848594677178188,0.22909680028975773,0.8112024267129601,21.437885832637548,0.7699905431522056,0.2914145260699105,0.03630741085191489,-2.227407592457786,-11.334289753316735,-2.2142187324109432,-2.37034751092469,0.0200607338027604,1,1,1,Ens0059
3.7207530214847067,0.869767548146192,1.71059068951942,3.023404558184184,0.49669361346321067,0.870532583123073,76.06827214466408,0.5583270044755191,0.8535373890374678,0.02532559902669468,-1.3465238933224901,-3.1236365009023777,-16.79410012088006,-1.9632016691112124,0.006602299533157011,1,1,1,Ens005a
3.698410034838598,0.7041459507330321,1.2227362285472452,4.11717201878326,0.3338136283356185,0.9044534916495904,28.664689980316908,0.5221482916781679,-0.29655977027882835,0.05108491230114498,-3.359662097816498,-5.120666239215873,-14.473797546927894,-3.6559323146521936,0.03285124519213424,1,1,1,Ens005b
2.8877338346024044,0.7369961472910829,2.932528656126186,3.2824231853188945,6.04571677541174e-4,0.9239055950902403,24.214263390349227,0.7477214892329648,0.2726042300644324,0.03725057889983703,-3.4980729986611863,-14.291180521121847,-2.4461712945091016,-2.304868745064624,0.023764557819975843,1,1,1,Ens005c
3.2951901196432303,1.8119945862432942,2.0680213246207684,3.8421082163529467,0.24726677767160002,0.9901117230812088,44.662717188447715,0.39980442927218973,1.4438786941552402,0.013307773591540905,-2.724241533051683,-17.41924492352752,-3.4708427466377265,-3.59279013798716,0.029328183893332582,1,1,1,Ens005d
2.3818470929726026,0.27925107943955807,2.037772670994699,3.2158774051910264,0.15084885037073714,0.26131772562116384,51.32923460624181,0.07328590404335408,-0.3690166265463765,0.054184130246605705,-1.8700259076887003,-4.639413226421416,-4.391248707575455,-3.501540029670662,0.022606349019131076,1,1,1,Ens005e
3.3996257111965678,1.6373533946123906,1.3162892305918037,3.596796148985531,0.16040291212807678,0.03158107405621559,56.560104811312634,0.4028812541179359,0.02058517530268153,0.045293073404142174,-3.348439562229519,-4.703806294326309,-16.186160049366165,-2.3966841280201674,0.02514906224680373,1,1,1,Ens005f
4.11283789126901,1.5597757803966292,3.5930666472375394,3.691213044885173,0.28729811449992,0.38795951301045717,81.86774842722342,0.183787624983117,0.010879463697252706,0.04822814065547466,-2.356384952962271,-4.768330148052585,-4.682774718535045,-1.9583769558146054,0.01597443843776293,1,1,1,Ens005g
2.7304269316908902,1.9701815635345876,2.57511386851184,4.4069196008918805,0.14212988141901353,0.7412579608215019,67.3887958975602,0.6871538660982625,0.8989501587498451,0.02029268296291004,-2.378091099666709,-3.3556689561198585,-11.370317267051782,-1.9385586636434557,0.015235968051780673,1,1,1,Ens005h
2.329434884018265,1.216067010920495,1.5014095174148678,4.474585883388947,0.1965817317210935,0.2950174117460847,38.07439351973124,0.2208270369609818,0.6520509354383515,0.025757116079960805,-4.062162988787675,-13.466633536887066,-3.6529605032618866,-2.94440697898074,0.0334327252391895,1,1,1,Ens005i
4.495834215350914,1.1437390862155707,3.3234478951245547,4.177042505296599,0.2950616461226493,0.6300901542278007,43.723783575780686,0.03408283755276352,0.9479930660016433,0.020849810013625136,-2.7546589627328606,-8.189079313322186,-2.361138142387391,-1.3527790300438074,0.015355834580637825,1,1,1,Ens005j
3.0379807620728387,1.4385499335671774,1.787900571103394,2.8662835620408877,0.38932402225415363,0.5713443811303005,68.57437692214735,0.152827642059885,0.032659463343848616,0.037628646084348516,-2.9741677637237154,-14.581103954089913,-2.2196204399699893,-1.319930391215049,0.01470369754519305,1,1,1,Ens005k
2.187677593554836,0.6991336112117394,2.060214174745232,3.6711015225381587,0.041601373313941904,0.6700591412931681,17.087273717448113,0.08656812294572593,0.7076201089922233,0.026122002087398857,-3.292247904140904,-6.185039659297655,-4.485778098122665,-2.4691238994943085,0.025257041323741746,1,1,1,Ens005l
3.4401714777294545,1.722058855395764,3.6032257073763754,3.964530941226706,0.32460092990270867,0.18351437619142233,35.75738450270146,0.014637860825285315,1.0408129682517246,0.020817754377439796,-2.0858818322744055,-3.1948167783425574,-13.80336060227554,-1.2278754611488454,0.01121966322193959,1,1,1,Ens005m
3.862106371712871,1.4091751320469195,2.3561312290396543,3.9128311103403566,0.3675639712832211,0.1759594702590257,11.20368574064225,0.47128772339969877,-0.6730205173589479,0.057776127116072905,-1.9745533148543064,-11.79798059118609,-3.4449391020357303,-3.4474719924565074,0.02190760569357368,1,1,1,Ens005n
3.980168480793946,0.7545198989825322,3.3518040641106666,3.746669062136952,0.41511552988332134,0.07907039250992239,70.85906940957531,0.9224696652935819,0.08499989516539194,0.03544690739387381,-3.596825476770305,-4.29470835369687,-8.271538895819212,-3.5695062103999216,0.034684124753530596,1,1,1,Ens005o
2.560233338344842,0.1150406969582662,1.3526543381799012,3.755608158780448,0.33481396302621197,0.37401770606916396,45.91118578423746,0.36063996629975736,-0.32196545542408533,0.049874685154322876,-3.0663673411680548,-3.8304441274176257,-11.474189474406305,-2.1542299488711802,0.021538500277817157,1,1,1,Ens005p
2.3185775544121863,1.9138467454751953,1.4590471601691095,3.8502732535365034,0.2966912181016566,0.7755367716103793,93.76649119788782,0.7730523549374193,-0.16129349829623024,0.03363586407760806,-3.1869391969177876,-12.79042159870891,-3.7902527089719604,-3.475337638157491,0.03229531430414266,1,1,1,Ens005q
2.666169765465893,1.1790132140926086,3.9032053119789802,3.461423848424759,0.4836473990672174,0.4120447568120435,65.79584850421175,0.3952563800634816,0.7276240712092819,0.027134885002855505,-2.360988328349657,-19.788098173056696,-1.7416543203586508,-1.3862750897520593,0.013677902026273845,1,1,1,Ens005r
2.6390379901602863,0.9257740914293564,2.8842219627153125,4.3112487913464195,0.42255242003376514,0.39711620470508935,48.70699284194037,0.8726867336919532,1.1663827331905685,0.01926710095907174,-3.98020405441843,-5.78079561189933,-18.01799271299711,-4.440826403223787,0.04333193405934698,1,1,1,Ens005s
3.5123770479601806,0.3345124296803027,3.2712201046675444,2.97473600268187,0.49256375161942867,0.5817667937148362,77.88500800532289,0.13853878905624153,0.5530171772484881,0.03459817680335802,-2.271141915450354,-2.2997757971410775,-5.357671436361001,-3.0967004349974614,0.024623646493126785,1,1,1,Ens005t
3.18353920571506,1.9366967291358856,1.2973633989341558,3.1655352125363425,0.37697405705466536,0.2183489803168923,62.73389791263267,0.7916692254189402,1.0138462046160264,0.02272963183197061,-3.9257018161729276,-19.365382271914967,-2.790920441040483,-2.453019066435061,0.028310167555792205,1,1,1,Ens005u
2.8574470515316355,1.0767375638149679,3.3963730371560903,3.5101544686725363,0.0740018274277541,0.096215603062883015,61.991135920323444,0.4091504752533511,1.186228124620881,0.01843328120468911,-2.4550379684420838,-4.1929686595179705,-4.207957753452231,-3.6647937339198284,0.02948728420834537,1,1,1,Ens005v
4.4874082811060365,1.1352036066207103,2.6831359148260203,3.6264834560071115,0.3495274580618067,0.43794904223829506,39.00964365224354,0.9525406446987763,0.7627422550991346,0.023749876711880637,-2.591315063426416,-3.3210868082243796,-9.40277178394389,-2.773655381853402,0.02276104683815994,1,1,1,Ens005w
2.1046357315941715,1.092048069764115,1.7395632389582691,3.6897593024716713,0.39811276278736474,0.1245986426025629,40.899976900955664,0.07675942438468338,0.6907653119107735,0.021522319969773166,-1.8576751722660507,-4.137543969899792,-4.047677138822438,-1.7374392048947311,0.011554066526819293,1,1,1,Ens005x
4.270579234319739,0.9774313820020296,3.290734352584928,3.229687002230715,0.18386048709670966,0.8216807332616299,32.993522769864654,0.9975204822011292,1.2069859141463974,0.01718708939156871,-2.72946520408591,-12.539666083567878,-2.066616193491683,-1.7850206217857008,0.019491928720633947,1,1,1,Ens005y
3.378226757326629,0.18802274519400672,3.618949912961945,3.1213113296826367,0.4512463462578985,0.448027955358848,18.064197264537214,0.43537787386681887,1.0509180626975672,0.019952747938656652,-1.7419629259237874,-4.38999601659978,-16.884801484473964,-2.976803295366611,0.017833208451211065,1,1,1,Ens005z
3.210252319294959,0.8022197829145937,2.778513172625005,2.814813267657533,0.2860400938809087,0.9449552297294139,50.271351781757545,0.3517725229552016,0.887014040033377,0.021728550694532504,-4.10584810830271,-11.575867603235832,-4.6291596684233065,-3.147808071930787,0.03544665426285926,1,1,1,Ens0060
2.9207767616631464,0.26493551351204514,2.2947020086754115,2.878343437082972,0.10067298476019763,0.2495008637541905,99.770448014196,0.8941595610724762,-0.48319022773231485,0.047161501021542526,-1.824554097053217,-8.001846491900178,-2.035779800256957,-2.763286476456334,0.018546929434784226,1,1,1,Ens0061
3.739659650051035,1.3483982614083216,1.9255754614315927,3.0356837073175233,0.0194931247550766,0.047428714018315075,44.056803199928254,0.6136591527918354,0.055777721944262865,0.03355844053597755,-2.1772022491580225,-4.839211078412991,-14.875549616944442,-3.5086990736399923,0.022874455363662997,1,1,1,Ens0062
2.466369440222625,0.5343304240254685,2.450867087257281,4.24863069475526,0.1308337877836569,0.03625685804057867,82.95080677808264,0.6422010304611177,-0.33991290998609,0.06290725830774131,-3.088661986112877,-10.514197118463754,-3.1290107191501764,-1.8365209326787635,0.021078361570643356,1,1,1,Ens0063
4.412524236920289,0.6447755880299956,3.5350239277333015,4.343116258030571,0.23107971051174972,0.14061729462444783,87.07387900327332,0.16815581181366,1.263307431228749,0.01707336481776394,-2.1480103021210457,-4.945880179915534,-2.3378117583540456,-2.0607495214375424,0.016740973127945962,1,1,1,Ens0064
2.0034835239197126,0.9647770690244623,2.978483531440422,4.446585023564938,0.21026786797956654,0.23047404364962132,59.108818319737914,0.48638881267793477,1.2603204583490282,0.015542821448160656,-2.5342372989364423,-16.159793997869308,-3.0334877993682796,-2.616985684381093,0.02380727255222609,1,1,1,Ens0065
3.473757334940601,1.01295000101747,2.238146304615587,4.482202637072932,0.4082862433261603,0.7049270410211756,78.65499575914815,0.2980947919916362,0.12458045337082668,0.04514875059381121,-1.4518104166903005,-5.739914863059069,-2.4828881248351276,-3.1076208305621678,0.015967706934948766,1,1,1,Ens0066
2.407208502735011,1.9825002413868904,3.4554560856278984,3.538785661678947,0.2599821896772257,0.3426951645445079,20.317044740123677,0.7352912475708872,0.9096394437054467,0.022962528669600843,-3.6717106389577405,-9.403604100275075,-3.059058279683567,-2.519396735803631,0.027625461456097414,1,1,1,Ens0067
2.0667799798911437,0.41464849010091276,3.0472408023625612,4.120931872724555,0.16774927398053083,0.8769330573435873,21.621681076753884,0.7059359387634322,0.6566611914841866,0.017027120860544705,-3.606794531955433,-3.6550074826441126,-4.195052789998039,-2.402771265073336,0.028389826863611183,1,1,1,Ens0068
2.7126362318196335,0.48899668628433723,3.883435719807818,4.008073314248211,0.3059118815518474,0.52282949537877,89.68977813827804,0.6818362565413117,-0.6652578977470482,0.04811851969949231,-2.6780391649923545,-12.20221168053412,-3.516744510105606,-2.4948840893768596,0.023485455159778124,1,1,1,Ens0069
3.0995350663457066,1.5165583313717506,2.6099782337214794,3.331067773585114,0.0051051121128231295,0.2691124755330384,66.81105061957612,0.7413672511968762,-0.15527177620846955,0.019809411896422602,-1.9863621832279583,-19.129808133441184,-4.056262707258514,-3.1449889754812825,0.021799066939576853,1,1,1,Ens006a
4.157681573806331,1.678155101365596,1.633341029604897,3.3639844224098137,0.4742151857441002,0.47222781411558395,85.10734349806792,0.6772769248960541,-0.40315118594381943,0.05089207590490387,-2.9884511298434564,-19.661271931160233,-2.5853178592736,-2.3374786708278394,0.023834547458362415,1,1,1,Ens006b
4.103963993394282,0.25178445393415166,1.5081041395898909,3.2480729303275235,0.26165964845237194,0.32667361390404404,33.68917892400175,0.2188078145897016,0.8636235230817388,0.01947799842977231,-3.094077595423091,-9.452162376496476,-2.7669736339245112,-3.6051472507254045,0.029925078104736814,1,1,1,Ens006c
4.206848351387308,1.3659801600507462,1.6816381410520522,4.371830991249997,0.025184355394464543,0.686683862514794,54.38496071027592,0.5299397238800302,0.8068775274104758,0.0233273183994073,-1.8825331129403766,-3.2376989057613184,-14.722539114548823,-2.2926376531547232,0.01722367362043454,1,1,1,Ens006d
3.7777517961035483,0.2925160302146338,3.6717988209784025,3.583639702970348,0.09931126538938294,0.5563190238270909,51.68724589695223,0.9601409137649461,1.045190551465077,0.02127280124599555,-3.0064071500753364,-5.282567977433289,-1.4463622873067083,-1.1808562948572912,0.013308641185984722,1,1,1,Ens006e
3.307076580715366,0.8756733553545549,1.2123243641357868,3.1899455286968497,0.17062711983287027,0.2829118050290272,80.77619153414852,0.9180202288860455,0.8387467835966905,0.0288340335385536,-2.4234283712327787,-4.2852402107182055,-17.817366256498993,-2.589481906884013,0.018675979662308943,1,1,1,Ens006f
3.678250595112331,0.5843924851788207,1.5437418069951234,4.044862595356815,0.14113628529532002,0.10644572501629591,75.18768974939361,0.030984789163805544,0.7155394724796182,0.023393389877907407,-1.536430335938224,-15.69941028741685,-1.8897592620278412,-3.0022680878071495,0.01716150343489263,1,1,1,Ens006g
2.95162210311275,0.6044843560394831,3.1258933664761486,3.3985487531038,0.1996051892203736,0.30528541719727215,14.504713989887387,0.5186007325807587,0.9098618446825706,0.026349536620454948,-1.6106672806882991,-4.399935368691754,-5.178361611577864,-2.7746434691678314,0.018438251482811113,1,1,1,Ens006h
3.5754277435480617,0.3757307402572595,1.8435095555618406,4.414947533870395,0.24874344649543603,0.7236217257445677,72.11597034856678,0.8006898571318016,1.0567687397143224,0.02092395536265486,-1.5754672026197925,-14.00233692146343,-3.1042388627022324,-2.602229799679015,0.015556193917117949,1,1,1,Ens006i
2.2287317933794113,1.487309678422008,2.17785388526693,3.7867747677181844,0.4605438245638506,0.4969557558977976,29.7857124258671,0.8229787156879902,1.139201219946895,0.020875268928584743,-3.189126043499192,-5.787964211771539,-12.131554515032054,-3.473267945664692,0.03184145115959953,1,1,1,Ens006j
4.030057591134682,1.8244122898485513,3.0777888232480732,3.0807874333011918,0.11225110993777711,0.012371072800830007,25.483498461712152,0.3111430063899606,-0.4053918331033826,0.04677145268762398,-3.025352213827928,-10.153469984258706,-3.4109868190919306,-3.3261397424484316,0.029323732827534945,1,1,1,Ens006k
3.264894012378063,0.7146529194856993,2.428497571779787,3.4285635016554963,0.03619093101292578,0.8930240880055353,91.51867022608407,0.055634021273814144,0.5084907471370614,0.027633832780493806,-4.127325301521812,-5.217134308784845,-4.914859861122764,-3.8740932453166224,0.03767066069471945,1,1,1,Ens006l
3.9340146060986445,0.14799552668044344,1.982490299125761,2.9234105583119203,0.27871768226176297,0.9286793050831185,22.673701759511605,0.5533771246923134,-0.7684327804699924,0.04814278829252356,-2.7844501413699967,-15.865035704456693,-2.466484132029121,-1.360884864811102,0.012730725063184596,1,1,1,Ens006m
3.6265113150700925,1.7745197447867131,3.7598815053708847,3.0637255658411418,0.3537957250547159,0.7442542922347783,96.28602281621656,0.2561520719733089,-0.07806340187455796,0.04219880721116341,-1.918491267145711,-18.619097073400624,-2.0390130569239178,-2.918973124181274,0.020060362802163625,1,1,1,Ens006n
4.368584898002446,1.748158290091064,2.1079000871755182,3.870564332427084,0.08090757114978424,0.7838126920172945,26.884003147454933,0.18728716089110822,0.48190335025883685,0.03509967825854543,-1.6110151186749007,-8.546524624165729,-3.250010894882145,-3.4954308830704,0.018397613489460028,1,1,1,Ens006o
2.2785027038119736,1.6337607554973104,2.017762165899202,3.3049749873089604,0.05934603589490411,0.9023720798129216,46.294314551362774,0.6361964113889262,1.4621780903732664,0.014831352093578266,-2.9345193467954154,-4.1551606074046274,-2.373342105926435,-2.9571714322057066,0.02638730531778853,1,1,1,Ens006p
4.072165610441006,1.8773656179713085,2.586464567255229,4.2648294451750814,0.20495343427706258,0.6069314358774572,57.23819296520203,0.26690914400480686,0.4005902400577238,0.030355089895534364,-2.74773377303792,-5.497974775171977,-17.88578217449196,-4.335544171315788,0.03509721928342876,1,1,1,Ens006q
3.825797522452194,0.8326458501840942,3.1853265893407166,4.1640085706671695,0.22695395918783137,0.5089867187328637,73.32726896156558,0.5637303397580982,0.6698812550064521,0.02956426714244972,-4.083289592386606,-4.8657659582290265,-12.200573242149414,-3.4524938799267435,0.0378929176030438,1,1,1,Ens006r
4.315095366130118,1.5956717790345663,2.5292919529225677,4.151294562337454,0.4490414695955506,0.9794171783644706,55.83589029953815,0.8440472850510851,0.6480549290712457,0.02138209709309172,-2.420078411466732,-3.3067348927368903,-4.220775127268908,-2.932509875829819,0.02383249649398193,1,1,1,Ens006s
3.1139408052084034,1.2288081747723743,3.79119965361245,3.955711785769463,0.310282480225508,0.8494647078793496,88.55802793583833,0.11596169236768038,0.3482118729903508,0.029084488466005094,-2.6906830602701217,-3.6910211928784658,-13.242259011978351,-2.591946870174008,0.02335350119996417,1,1,1,Ens006t
2.3588694869191387,1.2593993297398092,3.97039042763412,3.5554925112219524,0.0619404202543336,0.6324529636958615,37.44580853368156,0.59489842381794,0.4129443098469346,0.030988313331455006,-1.96598168867399,-6.7042205141583775,-2.8882923053202827,-2.796027737518657,0.02199067123219121,1,1,1,Ens006u
2.5185916308127343,1.5521429719978943,2.7153862512167546,2.9410858565635976,0.15620071733164878,0.8060165162701161,98.13307614302262,0.32689073592610657,0.6992440800543599,0.02737076983682737,-1.7714496134522046,-5.513471682475645,-4.287680687252496,-3.3456646994717625,0.02155589460903564,1,1,1,Ens006v
2.7859003709536045,1.3111059884516523,2.86368063688986,4.202952397758514,0.1258332955674192,0.9937129412386566,30.827417787471788,0.4569731980860233,-0.3315580971795216,0.04414501879076228,-3.420932213495238,-4.455747148178897,-10.227390399536215,-3.230944280025911,0.03196318297192097,1,1,1,Ens006w
2.8170021510636434,0.47879155450062827,1.382772987307608,4.0795024022811095,0.4334255715180895,0.6418616969417781,12.980730647556484,0.23618206376954912,-0.10979564336987174,0.042333383105771775,-2.048269361227517,-19.549817857932222,-3.253104816978414,-2.8138135116136542,0.01980228256145254,1,1,1,Ens006x
