OBJECTID,lad19cd,lad19nm,lad19nmw,bng_e,bng_n,long,lat,Shape__Area,Shape__Length,GlobalID
1,E06000001,Hartlepool, ,447160,531474,-1.27018,54.67614,96845510.2462463,50305.3250575963,9414dd65-d937-412f-b2ab-6c1272a5398e
2,E06000002,Middlesbrough, ,451141,516887,-1.21099,54.54467,52908459.4558716,34964.4063127193,b15774a0-3863-439d-b1f5-140f7f8e590f
3,E06000003,Redcar and Cleveland, ,464361,519597,-1.00608,54.56752,248679106.107452,83939.752512612,4b6764d4-ffcd-4aa1-9123-0f370f4f1017
4,E06000004,Stockton-on-Tees, ,444940,518183,-1.30664,54.556911,207159134.052963,87075.8608238664,54fc2108-e369-430e-b865-6a53a4d33d97
5,E06000005,Darlington, ,428029,515648,-1.56835,54.535339,198812770.766724,91926.8395447382,253eba32-7bfa-4df1-9667-135f3967dd70
6,E06000006,Halton, ,354246,382146,-2.68853,53.33424,80285487.9638062,66618.9139640829,7e5dcc8c-981c-403c-bf78-954e034ff82a
7,E06000007,Warrington, ,362744,388456,-2.56167,53.391628,178628103.877419,71840.6701053445,fb33a02e-4a49-43b5-b107-c5663303dc6a
8,E06000008,Blackburn with Darwen, ,369490,422806,-2.4636,53.700802,139386372.837677,55099.1506570023,2c5b0f9a-b946-4c18-99a6-4d0e878a5e43
9,E06000009,Blackpool, ,332819,436635,-3.02199,53.82164,33695601.8226013,30031.4085097493,f5c31ac5-8c80-4f8e-b2df-37f9e093922b
10,E06000010,"Kingston upon Hull, City of", ,511894,431650,-0.30382,53.769199,71407321.3833923,41191.839744039,059b65e6-f473-45a8-aaf8-3a30aafdf809
11,E06000011,East Riding of Yorkshire, ,488056,443597,-0.66195,53.881119,2407736417.91599,342145.564461025,0af0cd1d-a627-4136-bc13-528d9d70c104
12,E06000012,North East Lincolnshire, ,523465,404564,-0.13911,53.52327,190515165.006149,79044.1915444955,dbeb33f7-359e-4386-a783-201a420ce844
13,E06000013,North Lincolnshire, ,497800,410993,-0.52407,53.58643,851248285.548187,180169.926314652,80b70e63-f2ac-451e-a798-dc9f52d7d949
14,E06000014,York, ,460864,452589,-1.07375,53.96582,275546399.143387,84074.3459373033,c58c570c-eb3d-4c57-97f2-c63292c28974
15,E06000015,Derby, ,435609,335375,-1.47189,52.914639,78270268.2160492,40201.8369858685,2ac53c0d-a88b-4aa1-b472-d944b4d822f8
16,E06000016,Leicester, ,458946,304594,-1.1304,52.635921,73589165.1551971,40830.2301887663,740d335e-346f-40d3-b19e-66fa3b4946fc
17,E06000017,Rutland, ,492992,308655,-0.6263,52.667648,392185479.476913,96395.3187509396,c3abff0e-a2ee-4e59-b0b4-719a899ac837
18,E06000018,Nottingham, ,456082,339969,-1.16667,52.954189,75870408.9552002,49574.8901430337,44dfbfcc-4229-4442-a437-66ae896119fe
19,E06000019,"Herefordshire, County of", ,349434,242834,-2.73931,52.081539,2180535922.072,285426.725625785,8c31a59d-7a86-42d7-ac79-4825320a5628
20,E06000020,Telford and Wrekin, ,367035,313057,-2.48941,52.714169,291802973.438316,93575.1938714998,993bcf6e-944e-45ed-af57-b7f992186207
21,E06000021,Stoke-on-Trent, ,389438,346652,-2.15888,53.017071,92988650.0173569,51304.0331368415,712be138-9cb6-49e6-b5df-bf0d1a020aad
22,E06000022,Bath and North East Somerset, ,366217,161999,-2.48654,51.356041,348611816.21056,107062.696328706,9d01e346-bc8e-4257-95d5-5a3ccf1c1815
23,E06000023,"Bristol, City of", ,359990,174846,-2.57742,51.471149,110320041.55611,58260.2369001144,2b2585db-4a31-43e4-aa12-74bcce4f54c9
24,E06000024,North Somerset, ,347613,166719,-2.75439,51.397072,374705235.582317,113129.327916102,53fadbc1-9628-44fb-88e1-aaa3c71193bf
25,E06000025,South Gloucestershire, ,367559,183198,-2.46922,51.54673,499853753.458225,113237.408942735,19a45ee6-2c66-4daa-a73f-9d0ac3f5ea62
26,E06000026,Plymouth, ,249945,58255,-4.11297,50.404942,82446416.5613241,54633.373433349,cfbf0304-d0e3-4542-b196-f02f43416473
27,E06000027,Torbay, ,289730,64613,-3.55523,50.470921,65455906.7753878,55423.7203649068,86c63e9f-03af-4ce7-9061-b2cae06f831e
28,E06000030,Swindon, ,418551,186564,-1.73367,51.577629,227720526.640511,83649.254196991,34728a3f-39d9-4902-a2d7-b8945e9f2ee5
29,E06000031,Peterborough, ,517372,300777,-0.26874,52.59214,342190158.161911,97196.0688186069,d9f6b815-7df2-4f1c-adc1-1315c09ab3f2
30,E06000032,Luton, ,508606,222559,-0.42319,51.891022,44068117.7992706,30772.5559397546,e36283bf-eda7-43b8-8917-e56b2f3b5c86
31,E06000033,Southend-on-Sea, ,587777,186837,0.706923,51.549171,44692735.3388367,36478.5882663435,2a4dc8a3-6846-4aab-b338-ef632d275013
32,E06000034,Thurrock, ,562123,181590,0.334861,51.509979,161110777.921547,71948.0397558889,d30fec34-19fb-4925-9e9d-a5517c0110ad
33,E06000035,Medway, ,578207,175198,0.563174,51.44772,190967950.321487,115739.730006122,bac1b120-062f-4d67-90c4-5d32e72dedf4
34,E06000036,Bracknell Forest, ,488169,168792,-0.73363,51.411301,108233672.335564,57917.0191370737,c6b67506-1136-465e-b63f-8d37c21fc270
35,E06000037,West Berkshire, ,450575,172095,-1.27364,51.445591,701217777.186142,143114.430665937,c610d0b0-29ca-45b4-9a4e-d9f4fc90da21
36,E06000038,Reading, ,470226,173154,-0.99071,51.453018,41326311.0230942,30503.9475666732,257727f1-287f-4545-ad15-59bce2e20639
37,E06000039,Slough, ,498920,179246,-0.57617,51.503502,32201925.6620255,37004.5367813503,7fe57932-ac9b-47df-9d2f-f7d3fdcb85a5
38,E06000040,Windsor and Maidenhead, ,492079,176541,-0.67541,51.480339,197413883.6549,102626.060278222,1234ad2e-cd01-4ac9-9722-28d9deaf60c7
39,E06000041,Wokingham, ,476624,169902,-0.89935,51.422958,179124859.588287,75874.0016677131,a4e07713-1f83-439e-9ef3-ab37328cf707
40,E06000042,Milton Keynes, ,486408,242308,-0.7407,52.072411,309327268.513161,87925.407811009,07fe222b-bfa7-42e7-8814-6b3944c8a01e
41,E06000043,Brighton and Hove, ,530279,106850,-0.15079,50.8465,86830163.5380135,47744.1816987319,4c213862-6cee-4469-b4fb-c23783e3c3c2
42,E06000044,Portsmouth, ,465619,101352,-1.07006,50.807999,38681182.1590691,46096.79687628,f9fcf90e-308a-4fb7-8f24-a048624d6fe8
43,E06000045,Southampton, ,442303,113700,-1.39952,50.9212,51302492.4578094,37824.5321233362,e30b8962-d71c-4a49-9e18-70564d31772d
44,E06000046,Isle of Wight, ,447183,85949,-1.33366,50.671291,380492164.757179,115358.163903433,a8d4d5ae-4d24-41d7-a624-0395aaa2aeee
45,E06000047,County Durham, ,410381,532242,-1.8405,54.685131,2231125517.26889,264032.92749583,b3eedf88-adc9-4caa-a4fa-52c878918623
46,E06000049,Cheshire East, ,380510,363462,-2.29299,53.167931,1168796057.55982,236392.416985265,5faf60e5-9d68-4466-b3ed-9a7fa0b49452
47,E06000050,Cheshire West and Chester, ,353097,363145,-2.70298,53.163361,918494056.600471,226413.942405247,6716b133-3f4a-4a6d-9419-3b7b18655be8
48,E06000051,Shropshire, ,350227,302960,-2.73667,52.62212,3188264185.4566,469624.12470206,fc1ef04b-a2eb-4b28-9a3e-23f0f56d083e
49,E06000052,Cornwall, ,212497,64493,-4.64254,50.450218,3581790891.00092,555185.681446033,2949e219-e43d-46ed-9200-b46b5c0bdd36
50,E06000053,Isles of Scilly, ,91327,11447,-6.30217,49.923321,14741027.0771818,42490.7678349145,78fa1568-7724-4333-8e4b-a8827fd77ae3
51,E06000054,Wiltshire, ,405209,158863,-1.92661,51.328831,3258221477.74877,348922.106721656,f989d61c-c603-4161-add8-b68944aa2849
52,E06000055,Bedford, ,505721,256463,-0.45463,52.196281,475803430.167877,115931.402375604,d21e18e2-c257-4b78-b562-ae8b30d81aad
53,E06000056,Central Bedfordshire, ,504615,234492,-0.47754,51.999031,709169826.973618,200740.568495412,5a8b4b35-45a7-4e0e-8a1b-9bc642767999
54,E06000057,Northumberland, ,395322,600699,-2.07523,55.300369,5033705297.17029,445104.766524076,34ffc1a7-7de8-4055-b234-451dbb651ae1
55,E06000058,"Bournemouth, Christchurch and Poole", ,410815,94066,-1.84807,50.74609,162573149.956524,94508.2270574955,7f23503d-135f-4b16-a7c7-ff7ffacb44a4
56,E06000059,Dorset, ,370871,99796,-2.41467,50.79697,2491765914.43181,398443.830534875,0e6546ef-3c87-41d3-8648-244937fc3b3d
57,E07000004,Aylesbury Vale, ,477330,223020,-0.87746,51.900372,910130643.095093,200943.781525176,2bf0c91e-f15d-4de8-9e1d-30bdd70882eb
58,E07000005,Chiltern, ,495432,198692,-0.62112,51.678902,195600689.757301,71936.7724854051,4b393083-77b0-4d7a-9000-98094d747e3f
59,E07000006,South Bucks, ,498198,185455,-0.58484,51.559441,143332504.927292,71578.9433380505,fc3c5180-9fd0-4946-ad1b-f1ecd2b5ac61
60,E07000007,Wycombe, ,482477,197052,-0.80883,51.666199,325616801.929634,96570.0162504578,0280510f-25f0-48b7-b90a-fe96e43cae9b
61,E07000008,Cambridge, ,545420,257901,0.126436,52.200169,40207020.3266754,30618.5641218865,393d3ae8-5834-4744-85a2-d01083150fe5
62,E07000009,East Cambridgeshire, ,555576,275765,0.283149,52.35788,657791099.504105,166511.834410467,28582140-60ac-4f55-95bd-f23741a311bc
63,E07000010,Fenland, ,536361,294959,0.009016,52.535439,548030831.674225,136162.468747786,ac43bdf4-9aba-43e4-a1f0-4297eb7991e0
64,E07000011,Huntingdonshire, ,521008,274269,-0.2247,52.353149,911554648.786415,193610.927760647,b69c0eff-d621-4e7d-8ec8-253715527ec6
65,E07000012,South Cambridgeshire, ,543295,247586,0.091017,52.108051,898222225.948143,225259.209886901,cde7210b-593f-4a75-8538-22732f10508d
66,E07000026,Allerdale, ,317520,532997,-3.2809,54.685242,1256249122.31389,207123.556453996,ef76f8dd-34ef-4cff-a580-4e7f82dcfa36
67,E07000027,Barrow-in-Furness, ,321741,474165,-3.1999,54.15731,74432208.7827148,86615.8196924683,db6ac3ed-adee-47ea-b421-79dc7c768b6c
68,E07000028,Carlisle, ,348576,565154,-2.80498,54.978329,1039247875.46617,180730.589386134,858f9a8a-aa84-443f-88e2-4704d01dc560
69,E07000029,Copeland, ,310871,508739,-3.37664,54.466171,741009711.339355,141012.348104001,22e7c8eb-07cf-428d-8da7-209bb2d6c373
70,E07000030,Eden, ,359636,526396,-2.62678,54.631069,2159468222.06961,236157.203157497,78719f69-7428-4087-936d-c0a1eb2f1bea
71,E07000031,South Lakeland, ,349265,489555,-2.78108,54.29908,1558345878.00328,240591.497106341,0d1d1e0e-7a63-40a7-b675-d881da7698d3
72,E07000032,Amber Valley, ,436166,348084,-1.46219,53.028839,267681266.486084,85444.7262481982,547ed4c4-86ad-44ac-afcb-b35ec1daebe3
73,E07000033,Bolsover, ,448666,371548,-1.27228,53.23875,160954585.782211,82096.4194763555,7d96b37c-f900-4419-9f40-f0f554af5575
74,E07000034,Chesterfield, ,440049,373359,-1.40115,53.255749,65592701.8692932,41521.4567240287,bac32b33-9c0b-4bf3-aed4-57d1e1f356ed
75,E07000035,Derbyshire Dales, ,419697,358493,-1.70711,53.12326,795379595.210716,197736.975829844,eced577a-6953-4783-a8f9-1e0724bdf341
76,E07000036,Erewash, ,443721,338063,-1.3509,52.938202,108863746.303848,57580.622577382,ae02266e-17f9-4ec0-af53-abc3fdc8f078
77,E07000037,High Peak, ,410474,387660,-1.84398,53.385689,539851897.894226,133612.92951375,9045077a-957e-4370-a211-58b3e673aea1
78,E07000038,North East Derbyshire, ,437369,362955,-1.44253,53.16243,274688141.146515,129145.462960491,72cc9ad6-da21-4ac8-8287-ea4fc3836040
79,E07000039,South Derbyshire, ,431443,325363,-1.5348,52.824902,336648446.103371,128744.988918728,268a34dc-170f-4aed-ae79-9ba04427491b
80,E07000040,East Devon, ,313790,96050,-3.22359,50.757599,816862698.39102,167694.253171225,83ce68d2-dec9-4a80-a6cb-ea71c79e11d2
81,E07000041,Exeter, ,293239,92005,-3.51368,50.717819,46241304.427702,29880.1618530767,58df3120-d2a8-4c16-a22e-0bd075a182b7
82,E07000042,Mid Devon, ,288064,108911,-3.59212,50.86882,906820123.649376,204276.477064197,694720d9-de9e-497e-a2fb-850bf96bbbfe
83,E07000043,North Devon, ,265110,132532,-3.92691,51.07621,1090012772.21181,202019.462120174,f4a59b03-4c78-4eeb-b046-9a11d0a55044
84,E07000044,South Hams, ,270676,54036,-3.81996,50.371948,893366291.981957,243954.534295863,0b36bb22-38e3-4802-b421-927be5213f7f
85,E07000045,Teignbridge, ,283144,80205,-3.65289,50.60981,677779307.669153,133883.385620558,d037a1e3-7dd0-43e3-975d-b63ee8904d64
86,E07000046,Torridge, ,244206,114334,-4.21728,50.907391,984851512.781656,223195.553987932,8a43e8d7-de3d-4a3a-9e6f-feab23fa8bed
87,E07000047,West Devon, ,256376,86999,-4.03361,50.66489,1169860115.67566,202430.969522345,5958613a-2606-4980-ab33-db7e60a5c3f8
88,E07000061,Eastbourne, ,559339,99575,0.258516,50.773869,44297148.4278831,29660.0939528287,ec192d21-6ed4-4f2e-847b-53ff554c6aba
89,E07000062,Hastings, ,581528,110694,0.578395,50.867241,31072730.0806007,28121.5501373187,f4d6aa35-650a-40cd-b33f-fd33beb1b854
90,E07000063,Lewes, ,541474,105686,0.007671,50.833408,292723107.804901,93580.8406267753,825ce1fd-7410-46fb-8209-bbcfb2e26582
91,E07000064,Rother, ,578721,119666,0.542937,50.948711,515229003.106026,133823.076323359,3607e6a7-23a0-4ea3-a08c-a6706fae59f0
92,E07000065,Wealden, ,555048,117180,0.205156,50.93322,841089112.012386,168870.402909873,fe041774-33b6-4f85-9a7e-5867a91218b3
93,E07000066,Basildon, ,571548,190848,0.475055,51.590359,111857161.861443,49323.0223912449,6dfb6c54-59c5-4590-bec8-5c563fc1c8aa
94,E07000067,Braintree, ,577253,227335,0.575911,51.91634,612574968.507874,131727.891724061,91f67720-eaf7-4fda-8354-da4f3efde06d
95,E07000068,Brentwood, ,558560,196070,0.290091,51.641079,153037244.153191,62499.6745087456,ca5c33a0-3aa7-4859-8bb6-ef083f2f9e2c
96,E07000069,Castle Point, ,579490,187920,0.588084,51.561588,44301439.503273,38941.8038210886,8d9e42db-6860-4b89-95cc-2ca7ff97c04f
97,E07000070,Chelmsford, ,572116,206972,0.491177,51.735031,340929239.409691,93836.7221539899,10a9b73e-3cf4-4956-8b1c-1c8cf1cc0502
98,E07000071,Colchester, ,596944,223693,0.859777,51.877022,328161198.846214,130287.429707178,0e844ee1-93f9-4134-b862-e438ae0f1b3a
99,E07000072,Epping Forest, ,548919,203758,0.154147,51.712791,339301257.055405,101264.806748073,ca89a0b4-a356-4f57-bf02-a2585ae8f6f2
100,E07000073,Harlow, ,545276,209589,0.103888,51.76614,29849413.0761337,22091.2206166716,22095ff3-e12d-444a-b8d5-742148eee8ef
101,E07000074,Maldon, ,591413,212072,0.773106,51.774578,358612187.127121,160602.006780338,619b0c47-1cd1-446f-95aa-c41583d73ddd
102,E07000075,Rochford, ,585979,191417,0.683442,51.5909,167375302.031105,104260.626929073,f8d0b360-550c-4e38-b099-93b671768b42
103,E07000076,Tendring, ,614190,222141,1.108981,51.856739,330466274.367424,141514.74958857,c9543e16-67de-43a7-ad8f-e645ec639015
104,E07000077,Uttlesford, ,557832,228865,0.294485,51.935921,645320729.848,138938.254981938,95e6114d-a5ac-4f70-b61e-3a1cbcd34732
105,E07000078,Cheltenham, ,394925,222232,-2.07515,51.898609,46538844.8123627,31000.6848909493,5221de15-8aac-4765-9e6a-8ac094ed14e3
106,E07000079,Cotswold, ,402125,208209,-1.97059,51.772549,1167648900.8812,275881.53107461,7924745c-d543-42a8-819e-1ba271ee4422
107,E07000080,Forest of Dean, ,367175,212759,-2.47755,51.812489,556877071.260738,166317.911228445,418c58ca-bb96-4019-89fd-3f05b9387509
108,E07000081,Gloucester, ,384071,216449,-2.23263,51.846409,39126418.437912,29594.8614657636,a58e923d-6002-4ac8-9220-51c31e378e7b
109,E07000082,Stroud, ,378807,202410,-2.30818,51.720009,459713297.911606,141443.433088769,e7cfd0fc-0adf-4f49-b4b2-d06cd56868e6
110,E07000083,Tewkesbury, ,386347,226279,-2.19998,51.934849,415155967.786247,171765.428243371,300cc26a-bc1c-4ef9-90f3-0849329e10b3
111,E07000084,Basingstoke and Deane, ,454508,151423,-1.22021,51.259369,634599233.280537,122971.049818635,c4362c8b-58c2-4e15-a11c-8f6841ddbce8
112,E07000085,East Hampshire, ,474404,129237,-0.93971,51.057652,513806536.045574,124145.932057116,24b926dc-2585-424c-815b-737ca1eec9c0
113,E07000086,Eastleigh, ,447202,116802,-1.32943,50.948719,78261427.4905701,55115.7037435156,25f5a4b0-f2e4-49a9-9340-b83f849caa98
114,E07000087,Fareham, ,453774,106319,-1.23742,50.853882,72760852.8113365,48851.8083474462,c21ec918-8b9b-4c17-bfeb-1af5c30e5a7a
115,E07000088,Gosport, ,458769,101088,-1.16731,50.806358,25880588.3660812,29079.9905795734,1eba54a4-6fcf-4f07-ba21-665bc7853544
116,E07000089,Hart, ,477985,154240,-0.88321,51.281971,213323430.307495,65754.7794881366,283e8008-6479-4161-9011-80528dfd4a6f
117,E07000090,Havant, ,470178,108564,-1.00398,50.872311,56061098.7774658,59846.978324282,2cc3c4be-f8c1-4f2c-9126-fb97d3c61634
118,E07000091,New Forest, ,428748,106521,-1.59293,50.857479,755446229.555462,170755.104169611,278f5372-c1a4-40b0-8475-435b42fcfd20
119,E07000092,Rushmoor, ,486022,153944,-0.76807,51.278149,39413424.6417465,26427.419434277,ff1db2f0-1775-48d0-92d2-3f03fed57b97
120,E07000093,Test Valley, ,434930,137329,-1.50214,51.134171,626013401.157803,159444.015728955,6f1dc439-b372-4f57-90ef-4772602b50c9
121,E07000094,Winchester, ,453115,125901,-1.24393,51.030022,660991695.108345,142920.963396877,d3d268e7-bd5b-488b-ba45-6ee999cb591b
122,E07000095,Broxbourne, ,534742,204251,-0.05073,51.720798,51741960.7321396,34985.1175302326,ca18f995-f809-4424-a101-f95876ed4677
123,E07000096,Dacorum, ,500084,208745,-0.55098,51.768452,214253162.42485,93075.8472741811,9723ad2c-8b33-4c5d-a161-f9a001cbe8c9
124,E07000098,Hertsmere, ,519774,199352,-0.26899,51.680168,99198950.0005798,52254.8403533248,6fc64f69-d53e-4025-8d98-99d618c9f07a
125,E07000099,North Hertfordshire, ,522192,230256,-0.22314,51.957378,372012879.615173,142748.346122292,c6374fc3-8578-4559-8110-ebe854947446
126,E07000102,Three Rivers, ,507313,196418,-0.45005,51.656319,88719446.2878113,64434.6729615767,78438c8e-8583-4f2a-aabf-aa6251fe1afb
127,E07000103,Watford, ,510441,198197,-0.40429,51.6717,22713922.5201874,21681.0689271707,203bcebc-9c0d-49d4-bbbd-5674751beea7
128,E07000105,Ashford, ,597640,140644,0.823374,51.130959,582956339.772667,122616.908222331,8e3bcb8a-7e04-4199-a69d-d4e931d15797
129,E07000106,Canterbury, ,616032,158096,1.096342,51.281021,309118917.71994,94869.2959257433,ddae9f8c-76c8-40ca-a709-a9b7ce52c024
130,E07000107,Dartford, ,556167,172917,0.245276,51.433731,73894927.8509598,44371.8556247823,eacd7c36-6356-42fc-b804-0253f7afed91
131,E07000108,Dover, ,628964,150942,1.276887,51.211761,316295613.578979,92407.8400640711,f837ad5b-d0ab-4270-854b-298bf58a09e8
132,E07000109,Gravesham, ,566969,169114,0.398744,51.396488,95827318.7907257,49390.7388922172,70f4154e-5230-4906-b937-83f80516f103
133,E07000110,Maidstone, ,580489,151670,0.584061,51.235661,392201185.086227,101292.979705923,6f51d68b-5179-4284-955a-1f27db01acca
134,E07000111,Sevenoaks, ,552776,155218,0.188936,51.275631,370526382.709503,111495.252527227,ea0b960c-250e-4aa2-b270-e97da1896ae6
135,E07000112,Folkestone and Hythe, ,610318,134595,1.000795,51.072128,360937252.429649,128089.60527413,95d76b91-35d6-454b-a91d-8851f45f113c
136,E07000113,Swale, ,593583,161818,0.776893,51.32251,368925560.132378,173027.337345118,b4e7619a-ffd4-46fe-bf56-b3e954203de6
137,E07000114,Thanet, ,631839,166752,1.328226,51.35252,104352942.522339,46447.9283800765,c185ab6d-311f-4de6-b94a-8813f59618b9
138,E07000115,Tonbridge and Malling, ,564014,153898,0.349306,51.260639,243896456.017906,91359.1764363715,952a5b16-8e09-4c22-985d-705e08a2280d
139,E07000116,Tunbridge Wells, ,573139,136599,0.471632,51.102539,327429439.059631,117002.359413129,47290082-bed1-4025-8fd2-b95ff6348c18
140,E07000117,Burnley, ,384886,430882,-2.2308,53.774059,111744597.970947,48840.1303004996,e5fda2c9-88e2-4bea-b5e7-46c5a3f59deb
141,E07000118,Chorley, ,359189,419724,-2.61921,53.672401,202164922.007965,78212.3653389606,847ad4d4-5616-4c7a-b8ee-c6da9ffa8997
142,E07000119,Fylde, ,339554,433811,-2.91914,53.797089,163648289.376312,69383.4070975592,a22a603b-0244-47f4-819e-84ce0f545019
143,E07000120,Hyndburn, ,374407,428971,-2.38964,53.756481,73015503.1617584,36312.5104655109,ce0a18d1-ae2f-4902-becf-7a93fc5c36db
144,E07000121,Lancaster, ,356896,464988,-2.6603,54.07901,570213960.995544,181758.512878597,2a74b4aa-3ac9-4a3b-93eb-e2b2a43f91a3
145,E07000122,Pendle, ,387637,443368,-2.18957,53.88636,166912809.701309,66104.8783597392,115cd8dd-b9a5-4c6f-bcef-6414a6341e55
146,E07000123,Preston, ,352825,436432,-2.71809,53.822021,142238235.296677,61746.331695688,b62a459a-1f4d-41db-ba20-8cbfb1a1c1e2
147,E07000124,Ribble Valley, ,372687,447676,-2.4174,53.9245,583088640.570694,127503.242525107,7b40d98b-126a-4de8-97ee-f51797845793
148,E07000125,Rossendale, ,382827,420955,-2.26149,53.68478,136992197.340469,62470.7413737989,91a7fb56-de80-496c-9eb9-7fa5447ac11f
149,E07000126,South Ribble, ,352017,425840,-2.72871,53.726749,114147605.179779,68179.8677313574,7a6008e1-d4bc-4199-9bf8-b0fa4f6cc430
150,E07000127,West Lancashire, ,342611,413270,-2.86893,53.612831,347994521.185081,114176.661035088,a7f418e7-f1a3-44e9-9a69-7bea9ae39def
151,E07000128,Wyre, ,347295,445159,-2.80359,53.89991,284439758.60611,114648.873358148,94e14ba3-b242-478e-90b0-7a08af07dbb6
152,E07000129,Blaby, ,454385,297994,-1.19887,52.577061,130075520.505974,80278.7476985504,914c54fe-26ae-4ee0-95b8-bceb888110c2
153,E07000130,Charnwood, ,458365,316155,-1.13694,52.739899,275627201.428268,93463.624650357,a8e3e72a-1021-4db2-84d8-e390ea25c2c6
154,E07000131,Harborough, ,474549,293875,-0.90229,52.537659,594890301.120895,142448.602364299,19322562-7ca8-4dde-ae17-c3cc6d762e0b
155,E07000132,Hinckley and Bosworth, ,439538,301379,-1.41755,52.608768,300065242.895699,93517.8416562169,2b8e123d-bd61-4c91-806f-3d8efa46877f
156,E07000133,Melton, ,477328,323472,-0.8544,52.803291,484033976.370895,116588.575160207,1d271e49-176c-41f8-ac8a-f6e43408e89f
157,E07000134,North West Leicestershire, ,439111,316252,-1.42209,52.7425,278295763.715363,95775.8668063787,3f3a4d62-a224-4095-b49a-664796204bae
158,E07000135,Oadby and Wigston, ,461543,299379,-1.093,52.588749,23221816.1054306,23050.2510544195,2a7591be-533d-4ada-97db-3d89603ca283
159,E07000136,Boston, ,526851,343953,-0.11218,52.97794,365147913.156723,100823.028389847,b2bead43-4776-4e98-bfdd-327e864bb08d
160,E07000137,East Lindsey, ,534861,376064,0.020516,53.264462,1776420170.09698,229909.4877821,fd5cf048-5669-4e7b-8e9d-3943e85a52a5
161,E07000138,Lincoln, ,496347,370096,-0.55848,53.219212,34776950.2810211,28546.9242862253,3eda9432-fb82-40af-b9cd-78b629a4ca7a
162,E07000139,North Kesteven, ,502135,354788,-0.4767,53.080582,921048722.357071,163501.578604876,2f6de347-c97f-4403-b0e4-80bdc9a85fce
163,E07000140,South Holland, ,532909,322928,-0.03058,52.787579,754735179.068695,145382.621812886,19803ee1-9029-44f2-b649-d926ae3e6463
164,E07000141,South Kesteven, ,501406,328986,-0.49565,52.84885,942016773.32338,184694.096770289,9da14a90-e6b5-4eb4-b613-6ffbe37c1412
165,E07000142,West Lindsey, ,499314,390326,-0.50774,53.40044,1155867585.5713,219840.372394999,addf6f6d-4572-42ca-a6c5-f12ede0f8f67
166,E07000143,Breckland, ,591015,303330,0.818716,52.594212,1301635291.91696,206994.718333475,d26f7b5a-eb83-41f8-a156-630579155342
167,E07000144,Broadland, ,619864,315909,1.252317,52.69622,551677135.978836,166961.849361634,9695f418-de42-4bff-8076-375f0ca3cfc8
168,E07000145,Great Yarmouth, ,646761,315881,1.64951,52.684391,180097910.706909,75665.7120322103,9297353f-a8af-43b6-892e-48ebb09c8108
169,E07000146,King's Lynn and West Norfolk, ,571219,315805,0.533243,52.71283,1432079636.18773,287344.091326478,f320e096-5d07-496d-be51-2fba803c6e90
170,E07000147,North Norfolk, ,611076,330857,1.132099,52.833889,959207668.220184,228678.018045205,0256f5de-94a2-40d6-9b5c-230dc1591772
171,E07000148,Norwich, ,622355,309773,1.284979,52.640129,38404772.5633087,35558.1942365892,11c8757d-d21d-4956-9ddf-34bcd19a19de
172,E07000149,South Norfolk, ,628990,295823,1.373233,52.51218,911268679.619949,198876.395377342,c4a5437f-d0a3-4841-a6e0-213d6e293f32
173,E07000150,Corby, ,487862,290681,-0.7069,52.506969,80022082.8730469,52976.1744786332,e824ffb4-f8f3-4d3a-9d9f-af78700c2f39
174,E07000151,Daventry, ,467286,268437,-1.01447,52.30994,664302156.944504,146438.474228952,b74b3181-1e5d-4df7-9f7f-71022bf719da
175,E07000152,East Northamptonshire, ,501344,287839,-0.5092,52.479092,509088787.388039,138054.510683556,844b5d7e-d619-48ff-b63e-3c87bf6a1edc
176,E07000153,Kettering, ,483866,282852,-0.76773,52.437229,236661757.825645,79582.6270829398,ae86fa7f-472e-4360-8eff-3ee0063926f4
177,E07000154,Northampton, ,476495,260539,-0.88121,52.237751,82550641.3607712,38381.6880843434,ed022977-9889-4342-9507-216c58d0b5c6
178,E07000155,South Northamptonshire, ,463000,247077,-1.08129,52.118439,627655460.084946,185039.866123709,9bbfe982-b504-4e25-8a90-b29706bbde57
179,E07000156,Wellingborough, ,487787,266827,-0.71425,52.29258,166028815.974121,61125.3161624824,64cf37b1-2ae6-420d-b332-35ab3c0ba822
180,E07000163,Craven, ,389513,461989,-2.16168,54.053761,1183446002.04614,173493.435786727,5887689c-1ccf-44f2-9400-f52262451513
181,E07000164,Hambleton, ,443009,490546,-1.34049,54.30872,1308990477.64587,256073.990725756,3b59fc1d-c745-4379-83b7-881d897bfce7
182,E07000165,Harrogate, ,427473,464652,-1.58161,54.07708,1306604424.52837,211576.8818007,205e1c0e-8f83-4d14-94c6-d2debe8bd3a5
183,E07000166,Richmondshire, ,401039,495786,-1.98552,54.357609,1322210844.88812,196158.860431074,f752ca95-f512-425f-990e-bfab2ddcb0f3
184,E07000167,Ryedale, ,475590,478890,-0.84277,54.200211,1510343027.0892,220948.363092817,ef738474-9795-4c1e-8661-55321f5e2591
185,E07000168,Scarborough, ,495798,495548,-0.52778,54.3465,816152265.339249,199339.106851535,53893e8b-fa01-4140-b6eb-9307e5904dad
186,E07000169,Selby, ,457551,426670,-1.12908,53.733269,605410553.425339,144763.412715053,0b552b95-dc59-4231-96c3-890d24f9f06e
187,E07000170,Ashfield, ,450035,355843,-1.25422,53.097469,108522422.369034,57593.506569122,eb992692-5bc6-4395-9b15-9ff6f00225f6
188,E07000171,Bassetlaw, ,468073,384835,-0.9787,53.356041,640300181.700226,136620.325522466,30bcdeab-e2a9-460d-9928-8be5b24a3f27
189,E07000172,Broxtowe, ,449829,341893,-1.25944,52.972099,79451505.742569,52747.5671153141,8bc79a79-64c4-4ed2-8e55-c461a3928366
190,E07000173,Gedling, ,459184,347811,-1.11907,53.024342,120120105.895264,59267.8599647837,c1b3c2b2-cf48-4af5-a2c7-c8e500a5d7a8
191,E07000174,Mansfield, ,455047,363637,-1.17804,53.16703,78367820.4682922,45444.4194636808,c4d83a77-addd-41ee-a17a-295888accabe
192,E07000175,Newark and Sherwood, ,470624,357451,-0.94643,53.1096,651186526.652115,159155.851957954,36fb8753-62c1-4a7a-9364-8cdb96f25485
193,E07000176,Rushcliffe, ,466606,335453,-1.01097,52.912399,410575266.204102,104457.668921033,a93ffa10-a9aa-4609-8c50-9aa9b7c869db
194,E07000177,Cherwell, ,449301,221201,-1.28506,51.887199,590762121.522362,184794.721033809,537daa9f-bdea-41b7-a105-4ad6f6793161
195,E07000178,Oxford, ,452277,206368,-1.24405,51.753571,45105986.515358,30243.6411134712,87e1efea-60d6-4f31-afd2-882a1f038bd1
196,E07000179,South Oxfordshire, ,463890,191964,-1.07847,51.622879,675265224.29422,172582.69298279,d9c70901-08bc-4a03-a6ed-e63ecf276c26
197,E07000180,Vale of White Horse, ,435693,195197,-1.48543,51.65443,582881906.936699,146014.889847101,0508f9da-72cf-4996-a11e-c429953c2278
198,E07000181,West Oxfordshire, ,434343,215816,-1.50292,51.839901,713073679.60807,132447.034713829,4e1b5d40-9f91-477f-b4e4-16c22ff0f75b
199,E07000187,Mendip, ,362238,144090,-2.54178,51.194759,740774473.206623,164479.721956446,f93a50dc-c35d-47ae-bab7-cc8a8aebb75d
200,E07000188,Sedgemoor, ,338429,143998,-2.88246,51.19186,568372011.424622,159562.357159986,62f4186b-5994-4d1e-8934-839fe3d6df07
201,E07000189,South Somerset, ,345633,120798,-2.77588,50.98399,961158100.969122,195535.889607021,1101b0fe-faa1-4f82-8251-6221bb7de6b9
202,E07000192,Cannock Chase, ,401261,311553,-1.98277,52.70166,79674051.0893326,41988.8442549197,71793f09-f2cc-4c32-a42c-7a949e39063b
203,E07000193,East Staffordshire, ,412601,326569,-1.81438,52.83651,394049047.610291,138083.11500162,1bc2d352-1cac-4608-bced-017676f4b229
204,E07000194,Lichfield, ,416283,310967,-1.76049,52.696152,328434453.312813,104021.813450823,1b342e0c-369f-45bc-af00-f55dc9f31da6
205,E07000195,Newcastle-under-Lyme, ,378199,345174,-2.32631,53.003448,210621411.87487,87776.1226300063,ab7ff5ad-170e-422f-b8af-b4be916ec22d
206,E07000196,South Staffordshire, ,389625,311037,-2.15495,52.696918,409479803.07016,152655.33275047,cc0cf248-315f-4410-99b1-e9a4bbac7a61
207,E07000197,Stafford, ,389001,327836,-2.16475,52.847919,598925439.774628,128778.872274956,6633077b-7381-4c72-927a-4473d28546f6
208,E07000198,Staffordshire Moorlands, ,400543,352443,-1.99334,53.069241,576424736.127121,120005.200161328,b08aa8d2-4a01-4b93-9860-2f4ccb75d828
209,E07000199,Tamworth, ,421455,302550,-1.68451,52.620312,30613879.379425,25384.2756741617,98b1e3eb-e8cf-468a-8234-11338e2fd570
210,E07000200,Babergh, ,599987,244692,0.916149,52.064499,596936148.886383,140437.727020522,11782827-476f-4e2f-9c01-e6b7b3950e89
211,E07000202,Ipswich, ,617161,244456,1.166145,52.05592,39975034.6230164,28844.4280420758,45ebea31-fa30-4883-8455-af2327cb3d77
212,E07000203,Mid Suffolk, ,611646,262338,1.096953,52.21859,873326991.566818,159692.968871504,32df23c1-db6b-4ae8-bf59-9a3aa29f5331
213,E07000207,Elmbridge, ,511882,163658,-0.39441,51.360981,95445511.9430771,43265.2412446416,b8b887b0-c675-46a1-a3f4-6dde6e977cea
214,E07000208,Epsom and Ewell, ,521176,161475,-0.26172,51.339451,34819300.3767624,26065.5221260547,56aa32de-1f78-423e-b5d5-d61497227bc5
215,E07000209,Guildford, ,500408,151481,-0.56257,51.253658,271962367.118828,104284.418643208,e0cf4d76-6518-4dad-86a8-216380c7efb8
216,E07000210,Mole Valley, ,518377,148953,-0.30603,51.227489,256062692.343849,84131.8636408555,891e3340-1f67-43b5-ad36-2e54cc792149
217,E07000211,Reigate and Banstead, ,525786,152574,-0.19871,51.258461,129075767.186554,61530.8595324243,bff2957c-07f7-49f3-b992-0c1b3f00f905
218,E07000212,Runnymede, ,501777,166979,-0.53855,51.392731,79350129.2237167,37971.652042701,f96d9415-03aa-4392-8320-3d0a9df74321
219,E07000213,Spelthorne, ,507012,169622,-0.46254,51.41552,51879237.5334549,34315.692970407,41638fa5-d653-4e69-8092-52997c9fe121
220,E07000214,Surrey Heath, ,491362,160483,-0.68986,51.336102,97022373.4408112,46464.6679289864,06a1a18f-56cd-4c7c-a099-77435b66180c
221,E07000215,Tandridge, ,536365,150325,-0.04805,51.235809,247439174.255196,69708.3100381146,54e2d754-2717-49dd-b559-61ee99d86cb7
222,E07000216,Waverley, ,496363,140635,-0.62343,51.15686,342983597.314541,102272.670803001,1596c778-4068-4e48-8141-f11b790f16f1
223,E07000217,Woking, ,499087,157542,-0.57982,51.308369,61706657.2486191,41474.9128572706,89023ae7-57d9-40a8-b78d-9ed7865617b6
224,E07000218,North Warwickshire, ,425570,296399,-1.6242,52.564838,285090612.987732,96478.8783679953,632f4b7d-b5f2-4d98-a0b8-0331339f1bb0
225,E07000219,Nuneaton and Bedworth, ,435419,289352,-1.47965,52.500938,77956834.2374802,40985.6677355621,b77d75b0-3d81-4631-99e0-9a8c7b87860a
226,E07000220,Rugby, ,446498,276244,-1.31828,52.382278,349027031.216866,96983.2055659896,62e2b9ca-66e5-4648-b599-afce9f8396d8
227,E07000221,Stratford-on-Avon, ,425019,251536,-1.63565,52.161541,979529720.230164,217998.265507714,6d5a75c8-a1b8-4a94-b546-3f78cf68781a
228,E07000222,Warwick, ,428484,267113,-1.58369,52.301418,283003861.245522,91460.5108497818,63d2a82f-1f35-436f-b4c4-494c83f465f7
229,E07000223,Adur, ,518076,106472,-0.32417,50.845718,42095385.3898048,31415.4031281435,a15a4dbc-7eaa-4678-805a-013d8ef87a9d
230,E07000224,Arun, ,495144,105723,-0.64999,50.843208,224137190.636414,95802.2931330586,63228158-df95-46a4-907a-cb5747f21d7c
231,E07000225,Chichester, ,490285,116600,-0.7163,50.941769,789187106.104259,182404.365758622,3fd81653-0fc4-45fb-8a9f-f02cafbf3eea
232,E07000226,Crawley, ,526390,137581,-0.19533,51.123569,45831355.9339828,33575.9877817937,b2d4e812-7e52-442b-a14e-3d9e33a119db
233,E07000227,Horsham, ,513674,123840,-0.38126,51.00272,528733666.291203,127713.431625825,9edad594-575a-4b95-9257-3799280c77fd
234,E07000228,Mid Sussex, ,533054,130623,-0.10272,51.059528,336802141.145512,108958.988468415,c54b7444-e4bd-4733-928a-9c229b79f756
235,E07000229,Worthing, ,512679,104948,-0.40127,50.833099,30678594.6871643,25795.6303508958,27424092-2917-4b5d-b6e8-164facaa620f
236,E07000234,Bromsgrove, ,399840,273736,-2.00376,52.361691,218023939.407845,90567.132107399,f27c925e-2365-4b01-be28-ab288c888fa8
237,E07000235,Malvern Hills, ,377465,252197,-2.33089,52.16758,579708192.840309,187652.467991469,60c18eb9-c785-42f8-84a1-2d1bd65a61b6
238,E07000236,Redditch, ,403705,265253,-1.9471,52.285412,55070594.8725739,32533.5188480734,ac4e0948-63de-4b58-9a29-d1897aa74a1b
239,E07000237,Worcester, ,385725,255196,-2.21025,52.19482,34532078.9022446,23906.9716957612,140efc40-3355-4567-a3e0-03479b0c386e
240,E07000238,Wychavon, ,398991,247839,-2.01614,52.12886,659848231.501556,184017.0813052,145bac73-10fd-4270-bb63-d0a758d98353
241,E07000239,Wyre Forest, ,384106,276388,-2.23494,52.3853,196196712.412308,82043.4435907608,9d0e68a8-1048-49ab-98fb-a5fe9d135f08
242,E07000240,St Albans, ,514580,209623,-0.3407,51.77356,158865311.523544,63002.8257210594,d0623751-21a5-4e10-be35-a70ef93183b6
243,E07000241,Welwyn Hatfield, ,525345,208467,-0.18518,51.760872,129449585.049072,69326.056596373,2b28f241-1fb0-4d8f-a761-a51e4df4451d
244,E07000242,East Hertfordshire, ,537995,220370,0.002739,51.864849,477740893.573364,112056.976391477,18509fbc-c078-4159-98a0-17e485c182a9
245,E07000243,Stevenage, ,524622,224531,-0.18987,51.905392,26824166.0814133,22050.2143265599,df94fe74-7577-4058-a783-04aba182fb7c
246,E07000244,East Suffolk, ,636043,266272,1.456186,52.243992,1282056552.55638,249845.469189888,1d034656-bdcb-4972-a44f-0c9c498166cc
247,E07000245,West Suffolk, ,580944,271124,0.652769,52.308418,1034496710.3861,220613.29740625,e960e71b-8b6a-44bc-87da-ed98216d8a95
248,E07000246,Somerset West and Taunton, ,304960,130228,-3.35766,51.06348,1192114408.32331,232773.794777248,fb9e3081-0d34-4e7b-a8fb-38d2233a31b3
249,E08000001,Bolton, ,368352,409873,-2.47952,53.584492,138708159.810562,64700.0073741873,f1d3b428-9d99-4d31-b33f-be872fa9c077
250,E08000002,Bury, ,379658,410768,-2.3088,53.593102,100752668.832565,57024.343964005,f9090afb-b248-4cb8-bca0-5b811f74079a
251,E08000003,Manchester, ,384591,397063,-2.23359,53.470089,111895372.049988,69389.3342447551,1f6bb512-c45d-4472-8716-8c3fde484b5a
252,E08000004,Oldham, ,396603,406784,-2.05274,53.557678,144009083.688797,60962.5161536524,bcfea75f-a601-4c81-83f8-76b7c9ec4a0c
253,E08000005,Rochdale, ,390315,412326,-2.14784,53.60741,156240276.628983,70324.1997306319,f029f0b3-ae89-4d30-8709-bec5a8eeb0c5
254,E08000006,Salford, ,374556,398128,-2.38485,53.479271,97966760.8522491,56607.4574926673,eab059c7-7252-47e1-8e44-0d910e770831
255,E08000007,Stockport, ,391806,388264,-2.12467,53.391159,125536175.953476,56951.0021071987,2583fe21-4add-4fcd-9284-c325a3d1d3ba
256,E08000008,Tameside, ,394987,397995,-2.077,53.478668,102159712.453125,43841.721507214,da7e8293-8b44-40a4-8f82-3dbe30caa0fe
257,E08000009,Trafford, ,375790,391162,-2.36572,53.41671,108001520.134262,50772.1551214183,22dc3efc-d877-4273-91dd-14344cd4070b
258,E08000010,Wigan, ,362136,402126,-2.57247,53.51445,188328606.718338,71520.3471690432,07f0e563-17b7-4dd3-b3b7-5a1cc4dc7cb1
259,E08000011,Knowsley, ,344762,393778,-2.83297,53.437881,86257644.2380219,57788.9038805895,a7af9869-c7cd-48c5-b9aa-2af055d3654e
260,E08000012,Liverpool, ,339361,390553,-2.91364,53.408298,113076469.188667,54743.3095612814,0c25d8c8-9c91-4a0e-b601-c96d57191387
261,E08000013,St. Helens, ,353412,395992,-2.7031,53.458618,135955079.347725,64907.6417699786,d40a6aa6-da50-46af-9fb4-950e17118f54
262,E08000014,Sefton, ,334282,398832,-2.99177,53.482101,153603784.07576,96011.7155820699,169a2d17-d8d0-4839-b460-ce4945166f99
263,E08000015,Wirral, ,329110,386965,-3.06701,53.374779,156254950.462502,73355.3038389779,1e6cd97b-5d09-4123-8333-f4dd962671eb
264,E08000016,Barnsley, ,429979,403327,-1.54925,53.525768,327231730.553528,106147.881594816,0b7b7860-39b7-451a-ad0e-8fda631100ff
265,E08000017,Doncaster, ,459167,403735,-1.10894,53.52697,568185323.243088,116466.439724588,e841c60f-a9ee-4ef6-b03e-edccc377deb6
266,E08000018,Rotherham, ,447542,388980,-1.28651,53.395531,289185192.302475,88845.3632514031,681c6fbc-c73a-4c6a-aa7e-b232168cc7a9
267,E08000019,Sheffield, ,430511,389736,-1.54254,53.40358,366749529.310562,114173.751548161,6cfa799f-5d80-4491-ac87-ff849464c044
268,E08000021,Newcastle upon Tyne, ,422287,569662,-1.65297,55.021011,114647993.930527,53458.4213393439,89625beb-393c-4cfd-9738-381cb0101146
269,E08000022,North Tyneside, ,431471,570602,-1.50923,55.028961,83154622.5532532,51169.6648416803,191d0877-5ec1-4a44-bb05-c8e04886a2e4
270,E08000023,South Tyneside, ,435514,564057,-1.44679,54.969879,62745878.0819244,40133.9177111546,437fc98c-eac8-4e15-aa17-1d7212eb8cca
271,E08000024,Sunderland, ,436470,551524,-1.43344,54.857189,136500589.76593,58504.446990138,73660f33-78bd-4ba8-953e-dd9bdcdb5c75
272,E08000025,Birmingham, ,408150,287352,-1.88141,52.484039,269026608.653671,88776.3432187477,4baa6e88-9cbd-41a8-82c9-5eb67591624c
273,E08000026,Coventry, ,432807,279689,-1.51908,52.41423,99799013.6588593,43481.4057273969,14a6f764-e843-4016-8c6f-296f18860da4
274,E08000027,Dudley, ,393191,288584,-2.10171,52.495129,97264778.3219223,60125.2237570879,8e10f98e-cc59-4809-a17f-6523788da95e
275,E08000028,Sandwell, ,399573,290764,-2.00771,52.514771,85222122.4991226,48306.2485949547,3468957c-5e31-4166-afeb-a3c0e472f6ee
276,E08000029,Solihull, ,419434,281483,-1.71558,52.431,177542587.9058,82695.460772941,506a64b2-628d-4a09-a17b-091276fe9f13
277,E08000030,Walsall, ,402098,300804,-1.97044,52.60503,104027261.810837,49836.8728324194,e89ca47a-07b6-4f72-b3d7-59ef743a493f
278,E08000031,Wolverhampton, ,391463,300016,-2.12746,52.597881,69466620.7597809,41126.9610793456,c91d7113-af69-4a32-963e-881c03b2f180
279,E08000032,Bradford, ,408395,438626,-1.87389,53.843819,368386843.278992,113226.190390702,6ac82df4-ef1d-4985-ad08-dd8fcac8cd7a
280,E08000033,Calderdale, ,402617,424896,-1.96182,53.720482,367618489.551361,94050.2456636643,6aae915c-235e-4c4d-aa8d-c9dd98745465
281,E08000034,Kirklees, ,414586,416223,-1.78085,53.64233,405306353.685074,106837.808448509,d638d4fd-5779-40af-b69f-984cdd1fb649
282,E08000035,Leeds, ,432528,436384,-1.50736,53.822731,550578568.510788,133753.100810661,40657485-927b-4654-8349-7b6c911e7d8d
283,E08000036,Wakefield, ,438366,418235,-1.42092,53.659222,337273074.664536,90373.7393822213,e102f0bd-4fb8-4588-a764-2e28cee9ece7
284,E08000037,Gateshead, ,420168,559658,-1.6868,54.931198,145563182.476349,68298.6074575551,f5a99357-6407-4151-85ec-94df4b89cc55
285,E09000001,City of London, ,532381,181359,-0.09353,51.515652,2505777.02787018,6744.9594991479,3d648ad7-30dd-4bb6-a10e-9955c0f5a690
286,E09000002,Barking and Dagenham, ,547757,185111,0.129479,51.545551,36924214.3391876,30967.5889455706,52a8a1ad-9deb-4130-98c3-5f41246c9be3
287,E09000003,Barnet, ,523472,191753,-0.21821,51.61108,86643073.1183853,41838.7863086425,0abfe0c9-fe5d-46b9-8d17-29507585de1d
288,E09000004,Bexley, ,549203,175435,0.146227,51.458229,60423297.1621094,36180.6204259309,e62156d5-2e9d-4d0a-88fd-6090a9073953
289,E09000005,Brent, ,519615,186468,-0.27568,51.564411,44168269.9006042,33233.9122796257,6cb13ee0-7d6f-40cf-a9a6-93e7fc325a67
290,E09000006,Bromley, ,542036,165708,0.039246,51.372669,150198156.303879,63033.4499382761,51d29b4a-c531-439c-a663-57bd77f43466
291,E09000007,Camden, ,527492,184284,-0.16289,51.54306,21274131.0329132,22056.4535363455,82e6cd88-2236-4380-b991-fb3519523f2a
292,E09000008,Croydon, ,533922,164745,-0.07761,51.365978,85993776.89077,46725.3082664992,2dd65cdc-c0cf-4a82-9308-943a89cfb1c4
293,E09000009,Ealing, ,517057,181960,-0.31407,51.524429,54712230.1551514,39308.2766403889,de4955ea-e7ed-4c96-883f-8f9965961d27
294,E09000010,Enfield, ,532829,196197,-0.08147,51.64888,83022176.2666702,37692.7193126975,6008ac35-5c94-4d95-b051-f521748b1fb8
295,E09000011,Greenwich, ,542508,175878,0.050107,51.463928,47629632.1074219,36587.9998016028,f3f15c1e-f0e3-4ab6-abae-f15d2097b54f
296,E09000012,Hackney, ,534560,185787,-0.06045,51.55492,19833986.2849503,21347.1681882345,8bf3ecb2-03e5-4647-a5cc-9cac478b506b
297,E09000013,Hammersmith and Fulham, ,523867,177993,-0.21735,51.487331,17587229.6356506,20818.2219430817,fc2e3272-7fda-40cf-9bf6-8045c243df10
298,E09000014,Haringey, ,531262,189349,-0.10667,51.587711,28655635.1073761,25651.9550307946,f3c0eaba-e28b-4ceb-ab0e-09817b6a147b
299,E09000015,Harrow, ,515356,189736,-0.33603,51.594669,51786258.0117416,31190.5711334874,69c480f3-8b04-415b-be3e-4c932c121b9c
300,E09000016,Havering, ,555032,187514,0.235368,51.565189,113836320.122536,56527.1724231725,6339bcd8-0067-4abc-b489-8532c1f6563a
301,E09000017,Hillingdon, ,508166,183120,-0.44182,51.536629,115520674.208,55989.0397599779,a6200c40-a9b4-4d6f-9dbd-507caac93375
302,E09000018,Hounslow, ,512742,174965,-0.37847,51.462429,55053197.9539337,46819.5788885995,54cebe9d-b1da-4126-b152-1f6064b570c7
303,E09000019,Islington, ,531158,184647,-0.10992,51.545479,15152148.9488754,17531.1070758061,6263cd3c-a830-4b45-9ec7-f4924ddb52c3
304,E09000020,Kensington and Chelsea, ,525757,179053,-0.18976,51.496441,11701510.1005249,17908.0138759111,5d4957c2-8813-4d59-9fa4-bd3ba6f143ac
305,E09000021,Kingston upon Thames, ,519508,167389,-0.28367,51.39296,38007491.6151581,33047.6953786389,ff31910f-de92-4d5d-bd17-5eafc7b2a1f4
306,E09000022,Lambeth, ,531118,175629,-0.11385,51.464451,26699841.4302673,28992.7973091662,551ac5bf-c78a-4753-8ca1-813fb8957c55
307,E09000023,Lewisham, ,537889,173344,-0.01733,51.44231,34283465.7745743,30696.0849939121,fc2b4c36-a79d-4110-9538-14980e33c2a2
308,E09000024,Merton, ,526069,169507,-0.18867,51.410568,37361486.4314041,27902.7796528634,cee24a05-9e28-4a7f-81cf-1de444cb5f3b
309,E09000025,Newham, ,540715,183344,0.027289,51.531471,36598559.5451279,25147.5665661036,3506c405-e8e3-4948-8dd0-d494b89200c5
310,E09000026,Redbridge, ,543511,189478,0.070071,51.585892,56904414.9598923,35940.741660093,371744e4-69cb-45e9-8f89-fe4150f67d32
311,E09000027,Richmond upon Thames, ,519005,172650,-0.28914,51.44035,59203313.3047943,45618.5875248419,7e94afe8-0fc1-4812-8f91-cfac4368f965
312,E09000028,Southwark, ,533947,175866,-0.07306,51.465919,30251139.1381912,28468.133521133,d4f0e359-3d19-4783-be89-92e6bdaada8c
313,E09000029,Sutton, ,527356,163640,-0.17227,51.357559,44475059.911911,32956.4110258173,b270d975-f9f4-44a5-8947-6952a97d1821
314,E09000030,Tower Hamlets, ,536343,181452,-0.03643,51.515541,19546971.6690598,21634.9575644869,4ebfe172-b6e1-40dd-8590-b88671e5d9da
315,E09000031,Waltham Forest, ,537327,190277,-0.01881,51.594608,39257107.8012695,28340.6367343147,592ee74e-eded-4d8d-b4b7-90ba26b51566
316,E09000032,Wandsworth, ,525151,174138,-0.20023,51.4524,34625993.0971146,33953.2689912882,1bb8ef4f-a753-460b-9e71-9dab6e729ca5
317,E09000033,Westminster, ,528268,180870,-0.15295,51.512199,22938487.0702438,22668.168970061,ffc80821-eb08-4a8b-95e3-72a449ac8ec4
318,N09000001,Antrim and Newtownabbey, ,130813,541285,-6.1776,54.693859,725800900.120255,145231.019636579,7d4aceef-d5ee-4eda-87c7-0ddac438032b
319,N09000002,"Armagh City, Banbridge and Craigavon", ,112110,508158,-6.43455,54.3867,1436130448.75277,200894.669391751,e709a315-bcc5-4e42-9a9a-ed5175d6f574
320,N09000003,Belfast, ,146465,529747,-5.92535,54.59853,137794023.258202,55370.6109094332,7c8fd9c6-d78b-4e40-9358-e3bb1edf456f
321,N09000004,Causeway Coast and Glens, ,106168,581420,-6.5996,55.039619,1985252734.92857,285674.037232756,63b6b8f8-89d4-40f9-8521-a9eedc9280f3
322,N09000005,Derry City and Strabane, ,51779,559566,-7.42064,54.80904,1246637562.27684,232729.547862666,748f0047-831c-4bcc-9c07-649428ba6109
323,N09000006,Fermanagh and Omagh, ,41233,513013,-7.5271,54.385208,3009094379.02077,353603.406453789,c38f61bc-a3ad-484d-b953-420be006fed8
324,N09000007,Lisburn and Castlereagh, ,138712,518920,-6.03545,54.49752,511681221.176647,133181.9440907,1a131f2c-6dfe-4817-922d-44081b944fa3
325,N09000008,Mid and East Antrim, ,133943,560151,-6.14645,54.86462,1064497440.11093,198438.99519978,00871748-2bc7-4636-a2bf-e3aa0977f420
326,N09000009,Mid Ulster, ,83920,528564,-6.8889,54.552731,1960344170.37937,267949.605613351,5154e6d0-d083-48b7-b7ad-4d1cf89a45f7
327,N09000010,"Newry, Mourne and Down", ,133006,480432,-6.08891,54.149529,1686596198.00008,292916.734120249,d79afe7d-14f5-4de1-840d-ba9e83702d20
328,N09000011,Ards and North Down, ,164321,524944,-5.64568,54.564091,568030925.63765,133209.664417331,08fdfb21-c9b2-4b41-8e20-0ed81b24754d
329,S12000005,Clackmannanshire, ,291159,696335,-3.75344,56.14724,159232895.883728,73844.8438203014,3880ebdf-0a3e-4f57-a6cd-100168e63398
330,S12000006,Dumfries and Galloway, ,270645,579856,-4.02863,55.09621,6445067231.4009,689568.881058481,a793c587-0aaf-4b61-acf8-4c6cb45f1c59
331,S12000008,East Ayrshire, ,255398,624935,-4.29057,55.496738,1272832615.86668,276686.020027799,c3885581-2e8b-4ca7-bbbc-84ce0937b68b
332,S12000010,East Lothian, ,354854,672351,-2.72435,55.94207,678543757.356903,149493.883282039,3b10fb2c-7678-4028-ab28-d5d81f1506ba
333,S12000011,East Renfrewshire, ,251929,653115,-4.3606,55.74868,175683611.934464,75237.1219538965,61c8b63d-e7cb-419f-a279-7c4ebc162cbc
334,S12000013,Na h-Eileanan Siar, ,126473,932862,-6.65722,58.199379,3032017857.1636,1645313.8500979,3545722d-13ad-47a0-bced-23dc898d8fc1
335,S12000014,Falkirk, ,289661,679536,-3.7706,55.99604,296706694.664413,117083.001035293,891a4932-823f-4405-8c10-151a9cc314c3
336,S12000017,Highland, ,241018,858292,-4.66103,57.586571,26291797787.2423,2890481.7538741,2a519d65-7631-432e-a046-81ade05eda77
337,S12000018,Inverclyde, ,227922,670894,-4.75387,55.900299,162448990.871017,61139.273128552,c0e75d7b-93aa-4c3b-bbef-cbfa8b94e0ed
338,S12000019,Midlothian, ,330088,659217,-3.11738,55.82111,354813985.93425,110233.8412277,5b29f988-be1b-428f-987a-5e06978ce7e0
339,S12000020,Moray, ,328024,843593,-3.20187,57.47683,2243947309.85425,356102.199807525,9406c9c7-3200-47c2-a988-bc0678d078c0
340,S12000021,North Ayrshire, ,228996,651640,-4.7246,55.72789,881524981.311317,255382.28055355,f493691a-3ec1-4454-a2d5-660f841b9dc4
341,S12000023,Orkney Islands, ,348293,1006584,-2.90025,58.94334,1007307595.37869,771549.450005117,9fe2465f-5709-48b2-93c5-cc7cb65551ca
342,S12000026,Scottish Borders, ,345891,626135,-2.85866,55.52594,4744516442.4313,430160.735812936,d2dca289-1204-4757-8374-fb8f1d322153
343,S12000027,Shetland Islands, ,434516,1180307,-1.37344,60.504951,1450896786.59366,1192520.7309918,05237560-1b18-450e-9b70-7cb5bc3e634d
344,S12000028,South Ayrshire, ,226545,596271,-4.72899,55.23008,1224445262.45297,252777.689114427,3d5b9a7a-fb46-471c-a4fd-5aae85d56223
345,S12000029,South Lanarkshire, ,284634,636071,-3.83272,55.60453,1771731535.88519,247208.200571143,0e03f880-9078-486c-b1cf-4b8352146675
346,S12000030,Stirling, ,255980,708769,-4.32595,56.249531,2261949444.64474,290565.862807737,c1883358-b254-46b9-8915-26b24a2485e9
347,S12000033,Aberdeen City, ,387763,808479,-2.20398,57.166969,185416317.160675,88078.5110698806,821629a8-8733-4fc1-8079-d70291b02b3d
348,S12000034,Aberdeenshire, ,352284,816277,-2.79208,57.234692,6324833100.32327,561629.313650336,674a20c0-d9eb-4b29-918f-4df8fafff166
349,S12000035,Argyll and Bute, ,200740,715443,-5.22114,56.28944,7088548938.74316,2037905.69779507,66afe350-4e3d-4b84-a94d-c652bec019bb
350,S12000036,City of Edinburgh, ,320193,669416,-3.27826,55.91119,263292307.255356,89188.9759265975,2a8e8d51-9b88-4d78-b6aa-d05771043959
351,S12000038,Renfrewshire, ,239305,664698,-4.56834,55.848621,271395331.026596,89105.5096129212,1ad9d43c-bb72-4b15-94ba-f62e8978e2de
352,S12000039,West Dunbartonshire, ,242904,681586,-4.52074,56.0014,177490882.278641,71209.3586164968,37fa04fe-c419-4c39-9339-50a533d839c1
353,S12000040,West Lothian, ,299483,668514,-3.60909,55.8992,426840563.414215,113825.130882408,fe287709-7a14-4576-a180-da2d907a60ca
354,S12000041,Angus, ,345518,759594,-2.89189,56.7248,2193995565.90497,245203.00930717,9ff99043-8e11-4a13-bfef-0783ad7d4050
355,S12000042,Dundee City, ,340291,732145,-2.97095,56.4776,60639153.7706909,38817.684939821,db8bea64-c967-40a4-93c6-2cd954e83a20
356,S12000045,East Dunbartonshire, ,261240,676154,-4.22417,55.95829,173578352.18251,83606.6273080683,b97067cd-e767-429b-a17a-22130b0b148f
357,S12000047,Fife, ,339197,704726,-2.98235,56.231171,1325282490.87531,251754.629507678,f9e6f791-0233-4513-8118-08325bb6d48e
358,S12000048,Perth and Kinross, ,284304,744186,-3.8848,56.575291,5385637143.90138,482619.752629931,b05c27ec-ed00-4d7d-b87c-679d288f0926
359,S12000049,Glasgow City, ,261534,667033,-4.21479,55.876492,178522607.561691,87346.6488518363,36ede3e1-5f5e-448d-ab38-350ec1c3adca
360,S12000050,North Lanarkshire, ,277984,665608,-3.9514,55.868141,470403040.707123,139061.786893944,720237e7-6499-4447-ab8f-a0fdc3bab6f7
361,W06000001,Isle of Anglesey,Ynys Môn,245212,378343,-4.32306,53.279419,710126392.140472,208619.130575731,2ddcaf07-b12d-4b2d-b210-e2ff5d54f257
362,W06000002,Gwynedd,Gwynedd,280555,334966,-3.77715,52.89883,2554766177.68011,428598.822967744,eab57109-ce70-4989-9fe5-40145bbf8ca9
363,W06000003,Conwy,Conwy,283293,362563,-3.74646,53.147388,1136763349.22874,192087.634855832,ba3450f5-c1f4-4c3f-8982-b922a023f7b9
364,W06000004,Denbighshire,Sir Ddinbych,309843,355416,-3.34761,53.088329,834993112.169342,188604.662960488,02db471c-4d9e-4e08-bbed-38dc48209723
365,W06000005,Flintshire,Sir y Fflint,321134,369280,-3.18248,53.21471,436415582.725502,135300.381621256,854a9a51-7e26-4685-92c9-19fce3c168f1
366,W06000006,Wrexham,Wrecsam,333523,345387,-2.99203,53.001671,506885367.147919,155283.77627925,f607a81f-07b1-4b1e-a1ee-3e799959ee58
367,W06000008,Ceredigion,Ceredigion,267127,268437,-3.94993,52.297951,1785331104.3743,261836.732633412,b39b9180-dbbc-4c60-83b7-281187838807
368,W06000009,Pembrokeshire,Sir Benfro,199821,221392,-4.90818,51.855129,1635007925.09512,346360.435910429,97575c31-240b-4eca-bdad-08e5ba6dedfd
369,W06000010,Carmarthenshire,Sir Gaerfyrddin,247954,224133,-4.2111,51.894951,2369376127.00636,316574.68969129,b0f83b29-0f7d-49da-a0f1-cc734687e067
370,W06000011,Swansea,Abertawe,264022,197308,-3.96723,51.658058,375349174.33308,147079.196722939,6cc46d3a-d7da-448f-93a0-5192ebb99a31
371,W06000012,Neath Port Talbot,Castell-nedd Port Talbot,279261,195412,-3.74638,51.644501,448078907.30698,121754.950607047,6a385f1b-6ef4-44b3-a4f7-ff926fe1eaa7
372,W06000013,Bridgend,Pen-y-bont ar Ogwr,288231,185870,-3.61375,51.5606,249904235.709549,76958.9733839708,d0cdf53e-0947-4271-8d4f-7b34458ed6a2
373,W06000014,Vale of Glamorgan,Bro Morgannwg,302946,173081,-3.39803,51.44836,330859792.433872,88779.1007327383,5af71ddd-1f04-412b-929e-6b676f81237e
374,W06000015,Cardiff,Caerdydd,315273,178887,-3.22208,51.502541,142196109.538723,59976.3728987363,f24327f1-590c-4673-b6c2-cf489ab1ce64
375,W06000016,Rhondda Cynon Taf,Rhondda Cynon Taf,302237,192395,-3.41359,51.621849,422322765.345913,112336.533505479,0992bc98-f3ef-4ae4-bb42-376af4b66b1e
376,W06000018,Caerphilly,Caerffili,317245,195259,-3.19753,51.650009,277815064.267841,98224.5000004764,19ae02d6-2493-4d95-9691-3653528dfed0
377,W06000019,Blaenau Gwent,Blaenau Gwent,318236,206771,-3.18592,51.753639,109273372.239006,58166.9529683021,7ec00995-d49f-4898-8792-ee5758114940
378,W06000020,Torfaen,Torfaen,327459,200480,-3.05101,51.69836,125716747.279713,68469.967277748,2b427e4f-83cb-43d0-8a93-ba1b3d9826d6
379,W06000021,Monmouthshire,Sir Fynwy,337812,209231,-2.9028,51.778271,854020864.551823,180482.922868724,72d368af-49dd-484e-9228-12e74beec842
380,W06000022,Newport,Casnewydd,337897,187432,-2.89769,51.58231,191980302.772194,87207.528793715,26a0ffac-7926-451f-b905-ae4bfa6bc7b0
381,W06000023,Powys,Powys,302329,273255,-3.43531,52.34864,5198694946.93759,503347.40166316,e8804b3e-2a1d-4260-9ef1-3241f8c67f51
382,W06000024,Merthyr Tydfil,Merthyr Tudful,305916,206424,-3.36425,51.748581,113429186.940109,59195.3263419334,ddc7393b-0c6c-4163-9538-51ba68a44793
