"kMV","alpha","lrrA","lrrV"
254909.223230581,0.884379668705168,30.8738768809408,28.9456933926149
269209.884724745,0.883629249203169,32.2985100800419,31.1771864854787
235583.822190794,0.885302755208047,27.4827654792314,30.6719792063057
259013.148949921,0.882977197136714,26.267165308206,34.4655563283346
253833.706458052,0.88124283228834,31.4920718380739,27.0802891022174
273688.416154823,0.884194395212938,32.5849482113451,28.0216826306375
291146.764261418,0.885160545309948,36.651920786772,27.8478243712323
297332.531543919,0.882214778561133,35.2502043853086,30.2847929423933
267259.722758963,0.884419844572109,29.737455008647,28.3320276849143
253020.134290667,0.884273656547983,31.9710706921605,26.4424972811365
240360.067785804,0.881477413104935,27.4295888421898,29.8545115320452
225854.387783799,0.88031063956407,27.0308060601549,30.1500704053576
244208.545342772,0.881000461167987,30.9993333449989,25.927299296505
254233.693387703,0.886141301727499,32.3999535695037,26.3644136656222
256041.83845741,0.886697446698113,32.8497198562715,24.6087637014382
229479.67068053,0.882272967588657,30.2901593405022,26.9527101946989
259421.868036105,0.876889610860494,25.6702567997115,35.4879934675777
246509.962744977,0.881729911388902,28.3754230601125,30.8500610956865
250928.038683716,0.882304799944819,26.290883284071,32.9685687468844
242946.090463417,0.875082728061564,24.1231198927912,36.7138074111378
272011.856747163,0.884724840423617,32.9623111871153,32.0055195222972
238147.119783302,0.881254770031904,29.9901243701482,28.6915731007241
230224.748310743,0.882973168656213,29.7705843320932,27.8931516596567
260085.200734464,0.881019853087385,25.3297515434064,33.297936875188
260528.60728522,0.884441886477677,32.4938195551559,27.3114355191305
264098.865895386,0.882328559199661,30.4755416633015,29.8349821948551
240808.481463359,0.883620583055913,30.5195004342517,26.667253978917
288425.739805572,0.88657079559405,32.7062677685641,30.4838258241966
240055.471815424,0.883013511080683,26.750527103223,30.7610959492478
270563.302813652,0.882831417870677,31.8829312342963,28.4840736562631
256638.335920171,0.887160482501957,33.7337297363883,27.0293034794121
245765.249070529,0.881876144474883,28.3123933258545,27.8049685243159
262230.572632957,0.885091268214997,33.9781081468411,26.0834510138453
287588.925104539,0.886453833783964,31.0652097412773,33.3610146659113
235590.22080661,0.88143441984162,32.0161888153424,28.0713207437473
251585.993951897,0.882415199081626,27.8749954969468,30.7887881395824
253026.145831375,0.885861608883636,30.8241365172757,27.1909794221606
288690.432910353,0.885846978688285,33.1392087285638,31.7721154065276
244220.443661004,0.885880063633802,29.1533211546418,28.2533717424893
232291.668168853,0.882757573228407,29.0198361913354,28.2154864538508
240148.049270739,0.881883115442689,24.122511301388,33.1230218761934
265831.901508391,0.883615753112201,30.6701213607823,30.8072956901724
278885.216440416,0.886939423110048,38.2077733826992,25.1744362484083
267367.611207732,0.883793504493199,32.3471604565619,27.3785405547156
221624.880939575,0.878336987104469,26.441675296659,28.395415066043
290763.784119418,0.885305937551582,36.2214506904923,27.7845952739666
257664.165475558,0.884794538673011,30.5393370918722,27.4792766000729
253405.180857488,0.887041233436304,35.7604587991716,26.6756053106783
296078.467792777,0.888366914827003,38.4752880776398,25.7090447858713
256865.188442919,0.885731145236469,33.0626433489828,28.5706247205665
269668.315666769,0.88320500273864,30.6190742102697,30.027098353457
261158.850673754,0.885331817470111,34.6168233122716,26.2168464213496
279937.738508138,0.883532372666454,31.4031864172978,33.3284557530645
268814.35753502,0.882856084207876,31.487157259157,29.0189539765103
254325.96628527,0.883816526313948,30.8633125386783,28.0134581965128
256212.691895708,0.881806748859407,27.1766494085217,31.8399310652147
275130.265575298,0.887956031012042,36.1142652111186,22.3266981099695
269870.898882146,0.882786971765791,32.5176100885281,28.8882423812201
228716.564850635,0.882485751075787,30.389604872469,27.3395725755824
237083.736365731,0.881617023702088,29.5692224567224,28.7388949261012
276921.791729674,0.884129888840559,29.4518005925954,32.1601210031247
244829.925522367,0.884710393962866,30.8400942227429,27.4473473440455
289038.820587532,0.887043882132147,37.3683499520098,24.3313464864852
259101.965001781,0.885095455408466,34.9325789556878,26.8043492302469
266130.02888709,0.885412117120961,34.967963822096,27.8641810285154
264314.264502236,0.887410401866165,35.3819882889424,27.6078140129696
295200.468362269,0.88684119113807,35.2408118923978,26.4730759365742
256768.649087521,0.884657938574723,33.2009236351063,26.8301397830136
234507.180886695,0.880375291570193,27.8464714017911,28.3101161049561
254081.032268677,0.885127265040402,31.6855602941772,29.66173242186
240885.401843471,0.882250826424274,28.6271054550157,29.7834710069971
252915.026287922,0.88464685969896,31.1243762938412,27.3984800164311
286977.977800333,0.889357529888094,34.846873490012,30.7930503791462
280656.560722107,0.886472585852138,38.0604904144318,25.609132572206
226666.230508708,0.88279019494256,24.4112520378657,30.9705799524031
271596.029096655,0.886607608940529,33.1156204755818,28.3077993075725
277349.691016362,0.887875124312465,34.3259274316743,25.8007677341067
265667.838725606,0.883742647111011,35.6171738171922,26.5516033563169
269502.346778848,0.883026973324499,32.3205339799689,30.3145069938238
238589.56971404,0.883332167135859,28.8869455911097,30.7427186675914
229259.443070049,0.880418310513041,30.9433738948571,29.0636723560745
258471.445410998,0.886917729654381,33.9443695783354,26.9995975087717
235224.716916012,0.882750043510907,29.9450795157435,28.5194348094888
269826.292196417,0.884051685976393,31.8258510822449,29.5640414740289
281145.32211969,0.887785150321632,35.2727745378946,25.9048160373493
232652.33965368,0.882186153410981,29.5599350182503,28.5299925440314
239378.708145113,0.882979242204061,29.3479500466888,27.1634647820285
263269.35575538,0.886434832462747,33.8529914998659,25.3974199709561
235732.562794603,0.882301167935489,28.4853553588105,30.5437395875939
279921.827962134,0.886714760007813,35.4465992755896,27.007066742925
260889.277438866,0.886186021198312,35.1246605971563,24.706868695881
250181.724456932,0.883144165426351,27.7978717703156,33.1083671013328
270314.611635219,0.881874070106301,33.021299515416,30.245371577082
275068.351832456,0.888089384901315,31.6598325069895,27.8166764220761
295260.687459599,0.887021673056588,32.9695532768367,26.2746327875336
294756.535780131,0.885871552632378,36.5997915350519,29.2097724595896
280070.142732655,0.887598932645647,36.3478643202119,26.7373545806504
255804.488656597,0.882456269969836,30.7354960838674,28.2477810282293
244042.147875749,0.880776569337842,29.663049727221,28.6809000999173
296966.704202252,0.886591065538515,33.0134872821433,31.1586324281754
237330.221406442,0.885302430270422,29.910818012523,28.4623667040867
257709.940474984,0.883773887768534,35.0326026303587,29.1451783359644
242022.2129661,0.883714478279317,29.591449086853,27.3810196123208
297320.02154209,0.887795959696796,33.7930981136417,29.2957089880176
240585.752390691,0.881530583481508,30.8054882258,28.5069974561434
261687.426568571,0.885958334614114,35.7467691846476,25.1721460734141
234619.659923954,0.882555904494175,26.88783628752,28.0404841657914
245998.223083045,0.881823120113677,29.0120440116444,27.4825930318845
227848.783864974,0.879245267945408,26.6307706771293,28.6145698789991
256546.7462379,0.885457534948971,30.3883180322904,27.5663082233919
270665.963349387,0.885575360685988,35.7168349714562,30.6951794784197
276669.427084338,0.883583379830942,28.9023548552704,31.0273807649825
242498.257056167,0.883983783258605,29.2784212708654,27.379845064263
254680.259230575,0.882929941390745,30.2983616895194,30.3230702203997
240947.867219187,0.881400599040578,30.4010039224864,28.4899352003033
266498.07882053,0.885991064788358,30.7119913923406,29.1019971322696
253371.460640348,0.88413963526662,30.8065714971509,26.8555652471403
237618.070250446,0.88492726736229,28.4207905649642,28.9399792512239
268150.520101777,0.885114382765705,31.7543521847993,28.315864233472
238810.232448617,0.881831996644042,28.8364108409887,29.4762336783154
274028.657890965,0.886183278608673,39.1506632105678,25.4136187489392
269356.516226082,0.884378803434146,32.3336015834718,28.0392964393909
236399.652445206,0.88168653078098,26.9485188991129,30.6579386442365
251851.695925223,0.882311187366907,23.4495344700036,33.9303234383048
246319.443960373,0.88344373349904,30.7527680686592,29.8858875062897
271971.843260804,0.882438105833864,31.2589593068337,29.5793276120601
277408.90100527,0.886417967601459,33.4341764200788,26.7788686212465
277066.769923313,0.88708586511599,37.7154658387566,27.6030082259234
223127.12095043,0.879303812997606,27.5537723775059,29.8188983853921
260831.909386394,0.886516730434556,35.1623800772802,24.2718397293507
249890.909460633,0.884517168957865,32.4649217220686,27.6284250264693
255983.663348232,0.886895120148564,34.868027125735,26.9701578786324
281050.842742004,0.886363722267515,38.8247421453485,24.4701282263645
226525.863094884,0.879121187658196,28.9704723234097,28.8053489655819
228114.182402185,0.881871199527769,28.7102133611716,31.0349413964865
291539.033305616,0.885662196630812,35.9400742480643,27.320413221908
293730.444651792,0.884016225497418,33.1296207822826,31.6659530571898
276679.430307108,0.888133563851072,33.6497657955557,26.7472277981943
232595.248677048,0.882283710753479,29.0762891814089,28.1956196663035
255118.50044747,0.884479406586593,33.3697987858576,28.6824491278502
236194.109849407,0.882323582614615,28.6861859058672,28.1168141091597
259168.444869849,0.881844514593394,26.2158837712949,31.4024138469084
256024.181652078,0.883789204526826,29.8523620955566,28.2823788890687
271016.035349787,0.884463923807178,31.4647311133319,29.7641276060438
258877.110210263,0.885814799486284,34.0758089512504,27.4729662862244
235014.630777227,0.878879285592487,30.0245588780885,29.6389879501698
243641.015162503,0.884364475557411,33.5654171992687,27.340944167596
227068.263377733,0.877567496445851,24.4657036610486,33.754921269035
271582.956059784,0.887678359146963,34.1119953307694,27.752748772431
288558.08777957,0.885611464523865,36.0558747415766,27.6428222157074
265571.747382373,0.884101650160531,29.6686689899404,31.9808409041419
258715.199032471,0.883002062057612,28.5042044415704,29.5808948308062
225729.052214629,0.878838265096244,26.23072908966,30.7872003163613
264515.944788821,0.884178701173152,33.9012504687324,28.3523586531967
236515.925569892,0.885718995132213,30.3545408755906,27.3258436663826
292836.735359104,0.886890173038739,38.1688541782148,25.1260289154213
248024.507008031,0.882005405027804,31.8552582261482,28.2136480060681
226899.38651652,0.881658895564239,28.8160729846844,27.3725425552366
249005.299660712,0.878516317795125,26.9130051782243,32.6894445387088
232336.162125352,0.881790611821158,31.6552383567877,26.6055759930303
270348.858493949,0.882090842171332,32.8564738862278,30.8478757008516
242353.040850837,0.882371693877639,30.2429352086305,26.2387132069402
294416.564610743,0.884298896359926,35.9759567134072,27.9085383285785
252507.597066515,0.884892321691425,31.4396941169137,27.7223385174153
244659.68603554,0.881509717943313,28.798783947039,26.340540586
264266.157416312,0.884040989368847,32.0400319059862,29.170165724802
268965.967884375,0.884910831438494,31.0715758986232,28.6654965458413
255235.222956696,0.884710301093308,31.4351601572108,26.5524154470973
239618.636345588,0.885478858256982,29.1863887816416,26.6521332349395
230104.231366908,0.881199016511876,28.6185914130431,29.4203706389909
258538.583096145,0.884201049609102,33.2244550116861,27.8220421043686
256418.524815027,0.88462992587125,32.7463298664645,28.0119226409276
258524.308300119,0.882450356487121,25.5067692093251,34.0085009767134
255594.980138926,0.884744421129842,32.6602816624495,27.5354712357601
242770.229839526,0.883748100029117,30.1603822136621,30.4120396838519
274628.919722012,0.884695429637687,32.4888309172738,29.0720753788261
267464.530925299,0.884554507259106,31.0385409818104,27.8103802925967
256144.273442477,0.884941738178536,31.9298920396819,26.783880968822
293845.554075789,0.886570565485047,38.4601499970592,23.3773696909568
230100.984507682,0.882117839540635,30.9093127175841,28.875501581229
226646.141060448,0.876403914068453,26.9324616069428,32.4798547167608
229567.301395474,0.881559398676665,30.8411686543573,27.4309743381184
237951.822346812,0.881881457765367,28.3101633692497,30.0062147947915
289895.533818919,0.886065937711013,35.567135377632,27.8849699316916
255672.392939707,0.884106709961557,30.8329761331152,27.8202162546102
244453.677108366,0.883701857954494,26.1778528371134,31.6454945419723
271527.814324544,0.88274119672321,30.7334141096565,32.6368125495822
259224.275962689,0.883566004508032,32.8715789544695,28.0237147864121
256132.53037932,0.88440006503975,30.4928554779257,29.1635798141878
268853.581904572,0.881562902218704,30.7421900435161,29.5374979710072
277537.795901276,0.887454168329205,39.0210642641479,25.183940594747
296672.17639109,0.886909369200734,34.7316470116751,29.4820422150375
269762.766308527,0.883748017857127,31.9414666167735,30.0124592195523
231832.173211371,0.88138631461757,29.039091654818,27.1755401652312
277715.764903804,0.886819582588358,38.6585954953373,25.3618801452134
264598.367858788,0.882592426551582,32.6329765205629,27.7583013916648
223914.201286305,0.880529310879659,26.1055810663031,30.1946341736947
261308.451259748,0.885925063164207,30.0272485141953,30.2872110956204
276538.800339902,0.88308475708311,31.6740170919615,30.6145040542481
272580.422312922,0.888711786420641,29.3622036943869,29.1670067037034
264406.059241677,0.886674037730456,31.0728972905637,30.7809999089976
235318.146098937,0.878637447307018,24.3369755455368,31.8406338878425
237233.745193455,0.882335302749739,30.7536735824621,27.8712451704062
264626.04594977,0.883188829158857,30.4141867345048,31.5290707847581
295114.97396606,0.887761748419976,38.280116479746,27.3640799203088
256045.993276938,0.884406870879268,32.2897433275001,27.3813002033583
235926.98926429,0.881644815427358,29.367998819173,28.0987599907933
252218.584307402,0.884461418507075,32.3722876527729,27.2072589890703
275041.644506451,0.887566142187471,38.5454768540311,25.550854645841
236218.819639198,0.881169045340798,29.8990601359765,28.4523968778016
289363.187400404,0.886658690256818,35.6725764356425,28.8685517130298
221518.510408626,0.879019655280944,25.7605777783527,29.8421363145484
264542.47869839,0.884159061228664,30.2918600720682,30.84834542838
240436.316046967,0.881790273983862,30.3585374597573,27.8210536484121
276941.724582605,0.885149713469185,30.9710971178028,29.7076239890207
262440.200362561,0.882544977559267,27.8181083410255,30.3213110842341
293245.465511278,0.886750611253882,34.4925901148331,29.6052717196022
263270.749635765,0.884609613205322,33.1715509638367,28.2934842695018
251962.346226096,0.882795133756009,28.5519963010548,30.2361575387811
234060.676789573,0.879830603087665,28.5393743593222,28.6867810093899
254536.447440397,0.885106586492219,33.2754485426548,28.0996467359597
275423.711216928,0.884264428204803,32.1849608751331,30.3210094924696
213584.273404327,0.880145762978478,20.4628198392167,34.5458839951777
290518.845027457,0.885771470512138,36.0234796793024,30.5773659911204
256215.503199669,0.88474010157515,32.3399499554932,27.5168514790833
235541.369706968,0.881753872680403,30.0498427131031,28.441947482578
262876.614423545,0.887131006512002,35.2265417997908,27.7642271485262
276855.234538157,0.886129367763627,37.8066647855575,26.7268526792202
260941.540316733,0.883774714084746,31.6244119334899,27.4978567768431
225323.496328555,0.88010264779801,27.9147080388089,30.2387960473455
226218.050347888,0.883768748805359,27.580319786104,27.5974623121881
252644.566332785,0.884891442004465,32.0856295796382,27.3620968218812
294604.311715386,0.886778682060364,37.1666718132346,23.98117838637
229417.914731833,0.880691136884465,29.2863868102639,28.9870606691711
235883.821915704,0.882334075110744,29.0424441816316,28.5023781948379
249185.631133292,0.882857430307097,36.9658916528318,25.8302543346649
232188.255328639,0.881919103569794,30.6826326217524,28.2930060177055
293301.178320608,0.886212171498546,37.0645973770357,28.0278868708875
280539.074752741,0.888746337429693,35.0988052452165,25.7778146746675
258633.443390231,0.884667086817948,32.5226308232985,27.5718781712761
238937.621940051,0.882120219642395,27.8908160581061,28.9755666452837
231472.889980411,0.882172326564955,29.9117992853229,28.3098016951039
291542.154692291,0.885379048978453,34.5102773120967,27.855662699727
241556.62151869,0.881138223426734,31.5435145868552,26.6974074723309
256923.120263596,0.885324991931683,32.2046520732574,28.7686394769186
278372.1217173,0.887843512931972,34.8425834713401,25.3896764641113
227265.600349033,0.884906406690427,31.3867471679448,25.5076606328078
241506.135284905,0.880519115934725,25.7619465812949,33.34872331273
251928.784138601,0.882169754012258,30.0833311662378,28.5192753938697
228517.224791894,0.877000363727523,25.4495311463936,33.9545842853683
224506.276670052,0.882222417474679,23.9873832342038,29.9671187671887
232606.313669494,0.878968464930971,25.7795862873981,29.0438743025576
293522.558962456,0.886219864472735,39.6094523696099,25.0072600846192
229404.630054701,0.881816069230527,30.5265858377094,27.8175408177825
280743.871041917,0.888412709355393,32.8433449699362,25.7926835929078
238236.975325692,0.885568058771771,30.9465983417807,25.2215409883971
268744.209167944,0.881254408803874,29.5724993594232,32.5689505963412
245382.840589003,0.878255573816321,28.2902662626198,32.342577630137
298566.009079008,0.883321488682486,33.12279272269,30.9241202569642
276914.707823983,0.888034067589617,38.5489039330173,26.7633716425992
282166.927664788,0.887382389472426,35.1883482452077,24.8330269695324
273123.814704889,0.884890340521714,31.7199253070881,27.6446662749505
226822.262627274,0.882127123582134,31.1648183372709,27.1887974802205
288312.377075764,0.885091025632161,36.6476040503093,27.3342900985885
240031.087675846,0.881774707512115,29.3025393092632,28.5315230430807
277140.029279457,0.885162620421828,31.7753585369635,28.8978038630491
231434.628540949,0.879964948872146,24.5866261635099,32.1705930849273
237581.201619195,0.881687267599649,29.1849655339395,29.2120765738026
256608.49687756,0.885216057098999,33.5884153458704,26.6849635928946
256486.715204294,0.883697646779228,33.1476959757764,27.5355491539357
236078.329730737,0.882032845056914,28.5219144596304,27.8397693355846
249338.069674347,0.881544215548858,27.9642830594567,28.949225968395
265912.078808119,0.877645183226301,25.0564262958954,35.4128946297346
260187.27047861,0.883112424342023,32.747268886081,27.570118913519
209304.510240244,0.884206146283202,30.2204442682332,24.2067575246314
262922.353112875,0.886411875877695,35.2093850979178,26.3766901910623
254601.216086991,0.884846157586318,33.6727081006529,27.6815219768451
255638.902621681,0.886350728971909,34.0321859522186,28.1851622454121
262758.306227723,0.886450106690326,32.5967062870478,27.7229821682715
256488.927508563,0.884355676963617,31.605298422284,28.7691261791218
256243.227487318,0.883861833255614,31.0557482914317,28.2415863287914
266638.626740102,0.886299981525144,30.7060285311497,28.6076358943593
259286.797064136,0.882377329004461,26.0293223791369,33.4467716082557
225184.244097934,0.879582711488275,27.4386413006127,30.8114853798881
253655.677744718,0.885001434852569,32.4662116696244,26.6339393362499
267943.842591626,0.883919079246895,31.0603852256063,29.9715671185014
251863.955581306,0.883348566304885,37.0774225690848,25.6650733261074
230956.041720741,0.878021013731309,27.4684400828699,31.5000690993739
293365.857284233,0.886341688885729,33.7983239730452,30.0241916188603
266838.791706738,0.884306062476593,31.3175000819837,30.6218762514922
262283.11986101,0.887984913499261,34.4965052168714,25.7857894570275
291318.911164227,0.886711214503116,35.5659991772844,28.0430288744378
277444.87578,0.880453687121326,29.3900553993694,33.853760214797
291681.039591568,0.88700459161177,37.189503946489,28.1778327705119
250619.219909613,0.884222996162726,32.0632013395364,25.9321796737625
279018.239981526,0.887046514860839,36.2297802929677,26.4390045546478
261749.059151839,0.882538849208013,32.7380916666786,27.5922885570835
275986.747614728,0.887101115236209,35.7835807481905,25.0842999559444
276608.905851814,0.880986574317376,29.7152856699142,31.7999623469552
253568.974490605,0.885123093164681,29.7513178601981,27.2051728485196
262327.939440011,0.882812667674981,26.4190162912269,33.1516728895583
255812.58354314,0.883825391804683,32.491345897843,27.8015825172103
291133.913806879,0.885442337157613,35.8544090887905,28.2477755843663
231577.221396576,0.880039471952168,26.5956624631733,29.8348703665937
292081.241810476,0.884822342273328,36.5938276555822,28.2114651401027
236059.023801627,0.884213821139927,30.0894254881584,28.5860694547018
256014.994747716,0.882935490357355,26.860493616861,32.993125356049
279806.482746303,0.886330517280841,39.346190736937,24.5599157570368
225097.586963788,0.880038027215083,26.4922974617713,32.0440445649483
240429.149126435,0.881567001963106,29.8844568674014,28.3013603096902
266341.505623946,0.883531738269861,32.1806713178671,28.1311197318304
259548.851411927,0.883630995668215,30.081969864849,28.8011023408513
265135.473339768,0.880867278235961,31.7096262245493,32.1258498070357
257771.604026368,0.883002647654417,26.9537726632806,32.6586619987077
227532.237131435,0.881954491697074,29.5620242724085,28.2231897706368
272755.446065872,0.878181216338222,28.0583967482289,33.1824866251316
225330.328406324,0.882403018650768,27.8615375386634,28.1164167542591
282682.001304115,0.888000693201115,34.9732657780388,25.8692743435989
261526.245889319,0.885298276031605,35.2883398364341,26.8201879668571
289880.720369385,0.885601316122057,36.9027670338194,27.2507940839907
245333.115403707,0.883219160769683,27.327629931393,32.2934294445316
243083.878706595,0.885089716454113,32.3928718759414,26.8866978989579
296719.678734441,0.88776139965712,38.4567240335926,25.0165282289755
230368.377602804,0.881421396874762,28.6346075248816,28.727132874681
238904.48416308,0.882359086714766,29.6519715195759,30.3217497216243
293619.885386169,0.887185659214945,36.8171224453618,28.0908747576149
255451.393741037,0.884206479425126,25.5200147228247,30.0336260507555
268917.277409901,0.88336441671803,32.9216238183437,31.8647982778012
253466.704638635,0.884200727718049,31.8975458165986,29.3263868337738
248149.219598184,0.887918120410813,38.2484233823199,23.3908573989533
256111.870980954,0.883078849052641,29.2889585736595,29.3143805430228
239102.336780621,0.881455371558834,29.0364564831515,29.5412890770001
242066.988089054,0.883130936527763,32.1922075673263,27.4703628012921
256872.056693951,0.885303992680946,32.8437888901989,27.652304769635
231878.78150033,0.881935514653337,29.2800731343162,29.0425321226207
255949.362661054,0.883549623572213,31.4527727673605,28.0348435746597
250921.044410842,0.882191037081682,26.9847706754994,31.3567233218205
222631.735737164,0.875613317811007,25.8135929463752,33.1707773625904
228942.494284775,0.882529162341614,32.2842207061394,27.5718958537516
221672.057917774,0.879451638634557,27.480453392841,28.7518707700302
265587.755997959,0.886890382659743,34.2914398618435,25.9605607048557
238051.635601939,0.88573897127164,29.3402085633863,27.6042921278491
271204.165730279,0.886247080393483,29.7821088283335,32.7608430297914
240140.78234591,0.881508749873076,29.6932562684198,29.9605003629801
266830.726247209,0.883748956891838,33.7804546936367,29.8655659596478
254543.737512456,0.883494937247741,27.0691176497982,28.6248886661486
291356.432195485,0.886284032333127,36.1114033718056,26.6749448657588
281294.911360928,0.882253065158527,31.9891988000816,32.8582453942083
252574.00393032,0.885696580206964,30.6691407536562,28.9702559204411
261244.030875594,0.878072873223932,27.5540568427694,32.092625669813
236881.476050411,0.885108537539968,28.5176873886864,28.9742328106193
280509.551005417,0.887786031141391,38.6975557669018,25.7661480916056
255836.333095429,0.883689803328712,30.6762153210289,27.8905884547721
265076.169350956,0.881374443919336,31.6101171871174,31.8151679820086
261697.848656223,0.885968086960676,34.6623068970787,25.8943690917548
251026.479602333,0.882076665419047,26.3649851517569,33.3767084251203
289606.783762567,0.886131429811834,38.2240154960178,27.0420076887119
229699.428333172,0.881881409356558,28.7347113151086,28.4696465325546
279368.807422677,0.886209580589196,36.4311302620184,25.8847662249321
290239.247077617,0.886172754825807,34.2699599796574,29.7553574327914
292042.632435588,0.882510555733868,32.1326269723593,31.3636990098463
267207.322023714,0.884442417536527,31.3255635046721,27.8088284332407
256490.917513871,0.88153971381952,32.66773718243,27.8274976740062
236834.861505728,0.882378754175204,28.4807422392633,29.4149709676532
233967.243599197,0.880909133026807,28.0137914206471,27.6811822092201
256035.81171234,0.884883330598741,31.2278009709031,28.8656926999724
260379.590671587,0.887285765414857,30.4374447075339,29.574748875271
272331.693135626,0.882017168732802,30.3397665155633,31.2523792992452
260214.399818671,0.886493871202119,31.0417459268802,29.8400603660847
236418.648542022,0.882386050369684,31.204874556937,27.6657524845991
293762.87434707,0.886144417207346,36.2001492541761,30.5812014346869
238714.296662295,0.882085912804083,29.2767814714313,28.5285420659793
254517.623736434,0.884715204180048,30.3829000829039,27.7678182159232
243771.103905912,0.881689949517512,28.4429881644451,26.9524039702806
229362.994265223,0.882180792109677,30.1683644604435,27.7802156634695
241898.867434391,0.881235400071986,28.3670849671899,32.227303837415
267670.556977803,0.886124858534947,36.5406824465762,25.1235933005255
238602.979179005,0.876891906701839,26.9512322768476,32.5962783044423
254424.818707779,0.885014319437855,31.2324231728045,29.7672481363828
291524.272910188,0.885296862536319,35.6373032668356,27.6030419453636
269140.094427363,0.884405147897738,30.4477958307041,28.9788512223009
254157.443487005,0.884786537499432,31.6434451403565,29.1926500648336
277640.601565438,0.886478428872918,38.920309144106,23.4837350422386
243882.73276984,0.88464571028402,28.5511507222274,27.6799353531733
291141.926660069,0.885417918855722,35.0426732766976,27.1099888102509
269151.870936767,0.884148272679234,31.7998223469213,26.970441686962
221587.843508503,0.882040134521078,25.1854985157633,30.3352843466267
266472.660525331,0.887133835885119,34.6988439140187,26.9358020677049
263533.092529234,0.886030326998719,34.6232894702833,26.5371430724711
236855.811451012,0.882185584115799,31.2959127698282,28.2800889137792
260443.944817786,0.882333241826995,28.3158207635698,30.9341512540175
278169.107861464,0.888405729405993,32.4624241882042,25.9627816046836
259286.437195548,0.883335844936162,34.3928262627092,26.7386501544248
286833.845946908,0.886300310659318,36.1193100209253,28.219584109763
291257.213671112,0.886815351482438,36.7120303583702,27.0136921512957
260474.222582488,0.884803776143709,33.9789792957463,24.3111376545225
295009.361984736,0.888257483212694,37.4556664124281,24.4011278770872
225277.873362296,0.879264080675034,25.5848014496577,31.7034297044662
253418.708691188,0.884891755500557,31.4264847573225,27.2628733775829
224313.958124191,0.880443493395219,27.8213511753587,30.0086686977112
271641.085617177,0.887286944712144,36.728517976668,23.8841812676596
262146.132444593,0.885997334517227,29.81915587399,29.2793220863596
253398.36425978,0.882458146314104,30.4068790558068,29.3546459500802
295781.716294483,0.887092440893303,37.7403086975141,23.1393881573641
240891.455303948,0.88118182816557,27.6789581001577,30.9404245589851
269285.779903369,0.884791460744932,35.0272824792347,26.9919860992013
249096.318228015,0.882352141653759,27.6484350528671,29.0575596088378
273023.865947283,0.88515836690464,33.1989599985191,29.1819638574264
290567.091831818,0.886821594490284,34.9697615234565,27.7037402128725
232611.297901404,0.878444272377339,24.8170091478566,32.0882690061337
291688.415359164,0.885630716985596,32.8571222772682,30.4478730813918
251080.497380034,0.883700260960943,31.8516694446248,29.3310955414695
293121.675444453,0.884827630878523,34.1830136999771,29.3484308660227
254493.471448134,0.882809214025461,27.3846173921625,30.8521982702402
265257.781891297,0.884111904614813,32.1170146175049,30.2352718257639
262874.94261808,0.886441784391411,33.5686285597596,26.3562728800837
221404.175100864,0.881705039022814,24.3345029007439,31.9515426833291
249651.526093094,0.884326946249956,35.9635831627136,24.5223801140465
240039.61885467,0.882373305981994,28.9029312214563,30.4844018052717
266997.531074009,0.8831875832618,31.8402532341428,28.6565945567309
296847.457724699,0.887613155663332,39.4691961297868,23.3550753715596
255324.012847861,0.884805678860986,31.6310102294364,29.5618138469131
241790.247879755,0.880466541375672,27.5441561852263,32.4553773865724
253756.567181677,0.882731756473205,29.6678567851023,29.4761602723266
247882.143696457,0.878807826130894,25.9393374246791,32.2380403475014
277912.860779675,0.888720719819256,31.986269008632,26.2884596091139
260153.742669855,0.884136751361331,33.2340523781294,27.2883785430177
237187.937767993,0.881810424376953,30.9997097649825,27.4992326190637
267753.003447817,0.88364342011462,32.7369308467252,29.7720613760164
279004.370966441,0.887517673430192,33.0336664447072,27.4652687814125
244529.313560741,0.880123860061138,29.639176545811,27.2645680619557
234735.365097092,0.881277547773437,28.5167225688704,27.7715570638907
264905.549026515,0.88383675419962,31.2678455719652,30.8718575475721
256273.925126518,0.884961451744448,32.9449284869385,25.3241516785071
241463.057363203,0.88138022296504,29.9859721391348,28.2154498735475
269412.28908085,0.887702636274818,36.7424754816768,24.7341305268732
269354.119942731,0.8832111065652,33.0411837901048,29.2443542777304
267513.343537655,0.882853993932181,31.6910866398121,31.7972841660295
230750.668480741,0.882125970845573,29.5537900480469,28.0050406203691
276041.44125805,0.887060571608023,38.2132616426681,25.4771633856741
244016.013290589,0.881495374714745,27.9627500383888,30.8406954432218
249891.941178674,0.874708943880746,25.3327786640379,35.1617006290789
292015.096422581,0.886237158440381,37.134353501803,29.830278036828
242135.672625808,0.883361906977589,29.1430238467028,30.0987885575949
238497.359597365,0.882623467201099,30.8353600322238,27.4475843590313
292549.849838632,0.885248210062635,37.430387362099,28.2903676927176
258761.672728756,0.882823060672379,29.2121305397829,31.3676368567641
246769.06221721,0.886706479368011,34.2485951419639,25.0016119946472
254391.440510468,0.88488512200418,30.6711549278888,27.9686737720442
256978.30849653,0.876716836999908,25.8858266258404,34.4714602585812
259793.650536764,0.886581718960382,28.7697287534162,31.4410177584485
243582.828029674,0.883998268716377,32.2354823563022,25.9434307004032
229198.000847366,0.882842612188807,30.1472451490109,27.5155307248774
258807.099496197,0.884260075551095,32.5767674053645,27.1006824493065
242099.612586445,0.881294616081828,28.5466286683402,29.35525134577
277251.478656786,0.884734565926863,32.0446345595584,28.519641776384
268159.052113454,0.886704448546542,36.6857921634188,21.5853084871206
234550.898943343,0.881009912383715,28.5535203420469,31.3217113687913
251167.69161575,0.884896368785686,30.7425576384465,27.8412303301797
221750.160892421,0.879338829144898,26.5337977727443,30.9842931882517
248864.413033212,0.878114899655599,26.6946991839515,31.6199818924651
235965.507694702,0.881527052311006,30.2052151769299,29.6563974089734
255474.041270122,0.883153895311545,32.2625297337954,29.195104661747
264490.390292556,0.881501281019865,29.9326491770907,32.0772578624086
231997.829628065,0.883942300775994,30.8334870414943,26.6714113494227
250531.085350668,0.883933398557337,30.5079853843758,27.5189873052849
267549.705784041,0.88330219082284,31.7559935859492,32.8619069283099
231232.721669997,0.879631771067458,28.1585057901995,29.5362317398793
226784.988370389,0.880755682960276,27.4607008110401,28.6438154260207
272444.376214292,0.877702595293785,29.0674052509237,32.4283043369096
262436.360179382,0.886211172766242,35.1429076916365,26.1806047054547
280585.43695616,0.888405461588687,34.5568956757776,24.6433855226375
221470.64341489,0.877206975020719,23.9616397863006,32.9080833399325
282960.490411571,0.88731332977646,35.1674039342975,26.3218066879273
247294.918238819,0.882441836479461,25.7800778377516,34.6193845921407
258761.579400228,0.884833749461403,31.9024082133274,28.099322887156
261022.617064404,0.884294615724292,31.7269815897111,28.4038973858427
229886.22959297,0.880964887839366,27.3725669743626,28.8959859578716
271990.237796701,0.883563120300618,31.5358745561674,27.8833376324438
228612.950678583,0.881843025099094,28.0175849629599,27.0752153486388
260884.811120206,0.884190248805771,33.1709678064576,27.7229575494157
237750.777026754,0.881546338203537,31.7975033646793,28.6674880745575
262865.568150512,0.886392931482725,34.0951359871395,26.0148388944713
265928.57550478,0.888121869918457,33.9241240488392,28.0783690209666
269247.81272779,0.886909736985083,38.3360885981991,23.3444724306215
290404.099376228,0.885871127546327,32.9108233860108,32.1666648220325
243712.323567414,0.881764971242975,30.4636505790405,26.9078923542849
279835.992894175,0.887664494637834,36.0034670435744,25.397184884352
274862.867477306,0.886507880839562,37.8739104181037,26.0240031710922
223502.283007624,0.879085155965188,27.3680876924555,28.9236372226726
268287.856627198,0.882612822151972,28.4229236284523,31.1904078298237
282885.76892514,0.884453158713951,29.5639223663092,31.3597233136532
258586.652257506,0.884512645088141,32.7010117847112,26.8191664741026
251222.770812299,0.884915528856024,30.8483491935454,27.084707975849
291748.640458324,0.886826244298523,31.2611594971067,32.2942885345458
222520.652861775,0.879667337073948,27.9753523839668,30.1284458074082
254641.034740481,0.885739363976538,31.3118392676705,30.6591653784508
292246.84096141,0.886971958393175,38.1146770566385,23.9925553015293
292614.594663781,0.886609973235868,34.8375422370702,31.7908516302419
249770.58130334,0.882761604296538,27.9228646204017,29.4830634237689
